0.217805878188993,-0.0176689950289758,1.82166088401964,-0.502702354869564,-0.164128201371635,0.955353710055566,1.88758020069673,-0.0932675086682919,1.44603234867039,-0.962034137351769
0.573240155864476,-1.16919615470362,0.70401621556769,-0.616420470156416,2.1897304099639,0.904491020938837,-1.37315031683304,-0.819449258364877,-0.744152490625259,-0.151383259463961
0.815481980688334,-0.710784585103524,-0.585617439305023,-0.164538913682579,-0.38894267300961,1.40320571563061,-2.006976390766,0.761977555566604,1.95503517916199,0.158609383767359
2.2499321793339,0.76555946391204,3.41350273092041,0.273430856817523,0.369301828142484,0.332529766356736,6.00523001462949,-0.22287171796759,-1.12798684995854,0.916069290082072
-1.39139952342382,-0.398690315669579,-2.07441942788336,1.90536185477364,0.906840255766025,0.516812557816703,-1.9735828985815,-0.485477379798053,0.644129764959982,-0.396038605396184
3.00713326687534,1.09856551711622,3.83583647251062,-2.55216583236283,-0.67741647769923,1.44469678750702,6.1188605515733,0.2479561218673,0.319458318674327,0.626622764983222
-2.45089918612045,-0.517373814732454,-0.725403720518113,0.589043040945887,-0.190014090438557,0.180603152350194,-0.96646268304978,-0.627854828321016,-0.561179591720543,-2.4387512821298
-0.781845717107066,-0.785360156388174,0.807388392583215,-1.29139181897267,-0.116320047637936,1.51160050647391,0.304793408598594,0.405472950618,1.42429178774242,-0.285244202930291
0.022514026793234,1.75840774837297,0.29123754114991,-0.0992058786679623,1.57640827164717,-0.981987458218907,1.10365367227714,1.51200813114651,0.738936056992299,0.174464047873985
0.558678358128408,0.934834891604169,1.65430275266451,-0.0155439655624528,-0.250690366657901,1.62665605931135,2.8584373268882,0.280383330986339,1.00531921816698,0.469050838920659
1.83518072442195,-0.35734655460759,-0.07997380112399,-0.605625124805537,-0.571598912477918,-0.206533630202531,0.0686654472881268,0.319230039909519,0.632931252012804,0.911128433448436
-0.571241786388851,1.5894704531794,-1.40811358181299,-1.49802233290531,-0.206267357108047,-0.323409021517825,-0.664441501008079,-0.220883487151998,0.429073474875408,-0.507250762377868
0.457511128228129,-1.14011889258914,-0.480195538736747,-0.693021667968597,-0.56723801574151,-1.45572447980058,-0.959102382558049,0.999414043951709,0.4171750591766,0.281891612035433
-1.73828033173894,-0.837609637526009,-0.872700297101982,1.63870027288151,0.596279545464957,0.112809613749753,-2.41861366453337,1.02805244248774,0.936626556805547,-1.06817283083736
-0.0801404122946276,-0.154416225980832,0.683675626033147,-1.52745023774039,-0.153995182432994,0.67046140660321,0.50575884830961,-0.296503732611626,0.411084732807941,-0.681333989517809
-0.3674633929605,-0.201783654766247,-1.35604958746032,-1.19310641681053,0.00249592256205113,0.830037968791994,-0.687694623019885,0.367509976854854,0.392168825325894,-0.0498590001022825
5.28205516292913,-0.842479366460112,5.19052103123753,-0.628444430321887,-0.225811372003625,-0.687505967813655,4.10798370832914,0.231909769542058,0.969310149514844,2.11635526633211
-0.514128124683099,0.945745745229443,-0.216110917081297,1.75604044158693,1.78704043992022,0.503461015129491,2.17341267005884,0.464805238970276,0.0265046879062534,-0.47080043750992
-0.612044606448943,-0.876311758647874,1.09194777315471,-0.0331272491095549,1.12092166995224,2.42218111875508,0.337485677734848,0.437853990451083,-0.523721783200111,-2.52734749327505
1.35205334422862,-1.13930729644579,1.10946352389205,-1.28144957497449,0.729623863232665,-0.566941748146515,-1.65432776811316,0.111575771669874,0.179499358537684,-0.0305817731820109
0.797031035744659,-0.98348084365789,1.08038193972414,-1.60760300796742,0.162489475156648,-0.0681515181155483,0.582539840224408,-0.344109097526816,-0.179423176479886,-0.0977811490869347
-0.812830593529614,-0.496958172723626,0.287304911992513,-0.0160994556187497,-1.27967278196143,-0.33010149349137,-0.00992023241453299,-1.09663808369283,1.04679064950833,-1.00584043154898
-1.31484184038112,0.856003371647951,-0.461601261198277,-1.29845388462427,1.87633889178361,1.53409377129025,1.19580395583603,-0.226615882728112,0.799961147122068,-0.222347372687423
0.785996125132006,-0.0833307308603584,2.22083500608174,-1.03614124911806,0.0777812229074853,-0.351128523601468,-0.325728781268119,0.00417768355124898,-0.696389241247032,1.19415688686593
0.116839015398488,0.629483390811944,0.378797805701499,-1.01632586878262,1.82283614787188,0.989517246780326,1.24247887864799,1.54433303868746,-1.05234114529789,-0.896295433384937
-2.24750962827695,-0.0726011556974735,-1.20695901253306,1.12331089379245,-0.712901871041836,-0.12189288032305,-2.4116905018289,0.877888714189972,-0.618329726381823,-1.66679648893684
0.219335613377715,-2.08776638590221,0.680856531183025,-0.622098787455148,-0.609579700910787,-1.513886575121,-1.30521288659868,-0.683641493638605,0.517043404492627,-0.109673369704872
0.296180172282206,-1.96840197497254,-0.905944147024786,0.232698408935482,-0.435250940400336,0.329012536889833,-3.53747204200061,0.724816683548316,0.298827098891594,0.815036831500015
0.0925672214555608,-0.277744048640847,0.420432362083245,1.42392979160075,-0.828395313478995,-0.54598749643115,0.115042280031865,0.926308036897858,-1.49026320820913,0.651067871924838
1.91154908349169,-1.50923942885654,1.87513163161978,-0.169284765240696,1.8842954522519,-0.0861770397466857,1.60949648492863,0.731894553773412,-0.536130105017295,0.887121143431158
0.126557542079445,1.24028741607575,0.128532975973589,-0.837382909624092,-1.3876561634448,2.49218196013779,1.31319571514547,0.272669481108754,-0.928036769930362,0.347947855204599
-0.554631008284122,0.0731344351195372,-0.757268334145684,-0.694804709118598,-0.478267551215467,0.768803016658011,1.25418338503248,-0.515590328903229,-0.104975389119473,-1.00775574420963
2.49465092177287,0.335091171259813,1.61291942916988,-1.26122240442476,-0.232454295225743,-0.464272455054108,-0.203966843567514,-0.192162613764585,-0.281565445191504,0.378555035246935
-0.505163276233157,0.720921527233151,0.305238502668297,0.722390101280603,1.09605039342743,0.517267424133699,2.03312507202003,-2.44796015318767,-0.99315268794131,-0.274991643660655
-1.82227661678898,-1.31197934118684,-1.56711154251368,0.915414401263184,-0.0885336254245698,-2.10019184525138,-4.16430541864617,-1.36065124337146,0.694997176062924,-0.366241960304283
-0.496651942173102,-0.578089746746658,-0.811620026665011,-0.00858819299096061,1.16130141073452,0.734781606753942,0.528622468994932,-1.08495234599042,0.393073106266236,0.169574038055031
1.24959587784274,0.838902934423262,3.02600752297999,-0.137174722970146,-0.984426157892853,-0.641842737504276,3.24586582183775,-0.24813710712983,1.08294203204517,1.0262076604445
0.633724131287486,0.385086133708216,0.173129792336133,0.181076493665193,-0.123444665931587,-0.580260876539411,-0.0653101201228901,0.511572201051632,0.991565307148429,2.21575840029526
-1.04832401791283,-0.863817637231354,0.100667911155384,-0.981053184848076,-1.71010374670131,1.1452430549972,0.985178976043178,1.84473724732933,1.43700771672274,-0.748489183425154
0.0971257752205517,-0.171438743764802,0.98354847196636,-0.823068647675828,-0.561289867460689,0.877542163610089,-0.882938837948732,-0.600780547486638,-0.921658070356367,0.128468016048117
0.0474261652397441,-1.60409069063955,0.75887818017899,0.381997336374317,1.12431961344734,1.58845125837443,-0.24875965921514,1.16939768820543,0.171369960645424,-0.115151257853584
-1.79005221647847,0.215118881052641,-1.23059625509432,-0.466121836559625,-0.254638693477593,-1.99890167235078,-2.35220236798393,-1.29867607476797,-0.286143476078173,-0.859906125263028
3.24698351957882,-0.0412765362143885,3.86841602603341,1.12648628232427,0.744270075508007,-1.39772602698711,3.74227126240897,-1.35054274643173,0.0285018447733995,2.02108479927624
-0.118688650434104,-1.00471457485354,-0.262005992230831,1.18608270019865,1.47020919615035,-0.0990072085621751,-1.31972169755569,-1.01716101833779,1.80007595794947,0.617137954437471
-0.00204012743943111,-0.540760887106441,0.432471736713936,0.104024206383989,-2.16637127203496,1.08722229343153,0.212592044171247,0.751783778216119,-1.67434107490801,0.323208820491885
-1.21802892942306,0.339719400377405,-2.91831748982712,0.363179721677926,-1.44137295734389,0.303902503633194,-2.96278876589969,0.699327164337412,-0.558845023853409,-0.244752100446254
-1.03945279140732,1.45911897396525,-1.80823647690655,0.869412759422472,0.33574094394045,0.477870553654934,-1.5962777128238,-0.206029642394685,-0.190491406057685,-0.802370273256118
0.988839960508068,-0.668631413961052,-0.168242867240548,-0.363964992698961,-0.0548517613702288,-0.375086436746584,-1.6082472516336,1.55019956416272,0.162804465648096,1.0550900441867
0.453988269681111,-0.649361809708258,0.685527643014519,0.942248446500689,0.0410845095927272,0.792574315330314,-0.373096926405984,0.392738303832272,-2.08813566948648,0.123111323767845
-0.345376352948842,0.685466291255071,-0.351252388567692,-0.315808654484067,0.0889705256000061,-1.74720480826045,0.390944125967281,0.497425480765041,-0.137599771082469,0.783854451616357
0.180450069283787,-0.398837963342844,-0.45368783228935,2.84477305179717,-1.5333345029232,-0.256185717084113,-0.116743837991297,-0.427403267744029,0.298404945593514,-1.41010118997224
-0.144592069268242,-1.34456479785423,1.14456174663105,0.285572262412873,1.91538331812451,-0.309317586137793,1.28790374261969,-0.293292460182069,-0.457554223988232,1.31456127580893
0.76865943697774,-0.285682270550641,1.45189893512738,-0.124528613571489,-0.686094152247973,-1.10352292544769,1.01139579583994,-1.86952903102598,-0.967195614559941,1.03597888500124
0.188755812213599,1.20995427851916,0.275325530330516,0.764911202277402,-1.04958964994242,-0.682965794510221,-0.701758994331817,-0.207984294754655,1.58136330478865,-1.06217074873664
0.278561622425293,-0.885212232848253,1.10185577580634,0.410444012548222,0.388617488654309,0.955909162836278,0.0305098106734212,0.671176361658173,2.61842889584309,-0.11263854873204
0.0605643400660985,-1.8321754097637,1.35124279944769,-1.60213220214391,1.02484075619047,-0.235995155580644,-0.0984775076392241,-1.61500055120283,-0.268781405033094,-0.388649708783037
2.89103440940758,1.22097427487172,2.52347542804095,-0.694868047268748,0.98583653642533,-0.366242041869071,3.132130353562,-0.913112541117134,1.56682958765381,1.84588074983855
-2.35342701020511,1.28134405633048,-3.90092003881482,-0.378784993447447,-2.11573610087154,0.77237047430344,-3.43411230372224,-0.876496986519505,-1.27095843219741,-2.4067967555205
0.754983146652998,0.653605499891182,1.26135171571787,-1.3777465198736,-1.22393413554612,-0.38616184135656,1.4289034127557,1.06346630869099,1.51884153508372,-0.655208350891325
1.64334393622356,-1.38634226794527,0.772764354370661,-1.16486592016816,-1.97468375143358,0.42469778584,0.0276365288852209,-0.0762795454120719,1.46227896995361,1.00294708228172
1.55289652634865,-0.786977923797799,1.56616978732915,-0.7014794783349,-0.540579441411175,-0.281908617474718,1.4205308876584,-0.246836580637803,-0.153153733439271,1.35130763555366
0.107505914853061,-0.281221942729992,0.367728549836734,0.261151831772763,-1.337830908549,0.77048122389404,0.790878909097672,0.373542982046441,-0.458689963269119,1.37124045586321
0.613485420069265,0.106912354101067,0.907807416315256,-0.360124444411542,1.12436944075454,-1.6325446368052,-0.959610967558266,0.139621461381083,2.16666755761508,0.190750446920139
-1.689700154909,-0.184643413415288,-1.77107728724677,0.392996044344533,-0.138314741141468,1.38612471837034,-2.82880205100716,0.668882244744368,0.0247527051600326,-1.00215057614956
0.319170329707906,1.16871383222226,-0.490447483916718,-0.0814541664074605,0.0506933679404929,0.410954046526315,2.44431176793663,-1.98552864262513,-0.833970710243022,0.622077467167679
1.4501027034275,-1.53288187258503,1.82229058853351,0.249467080012314,0.501556741670257,-1.17971739877434,-0.422770238789719,-0.563653431385461,2.02657909820849,1.17889350265608
0.348917462713789,0.961875150395564,1.60053422216363,-0.160122175312711,2.30997643444533,-0.895200821484782,1.44679362161397,-2.38346117771277,-0.914552593902084,0.473349433914159
0.471220447524467,-0.390945360730749,0.117266103623759,-2.68662456866241,0.437247298694583,0.142071271294625,-0.447840374325824,-0.166421539819378,-1.82363751016622,-1.17573471200393
0.901233820740355,-2.08163964141034,0.418125749378744,-0.410283961464768,1.80950056001424,1.54553805718906,-2.02213441441052,-0.476473044035892,1.35729729876914,0.104765401209312
-2.39679857733818,0.895787159468176,-1.9570703576819,0.464885613711472,1.11376640481178,1.76788971193655,-2.20612266354319,-0.893543478100977,1.63656597421551,-2.39709362136643
-1.14047623164396,0.112807310746975,-0.7267913930912,1.17205491954829,-0.34776691238297,0.208713583621014,-0.21099180300755,0.278250023227911,-0.817288052633132,0.445179923884766
0.496928226905203,-0.348152040028261,2.64486707151731,-0.0854042228605947,0.113814443160769,-0.432666268757702,0.79377560881615,-1.44986586431402,-0.375114653810657,0.448093037367931
0.600354667039398,0.243778244631864,0.533588449725524,1.19695484056233,1.24509098507019,0.515608839360812,0.0232768014657407,-0.976171492504561,-0.121958534379961,-0.161570278908682
-0.0601271498447131,0.666550876818037,-1.23799744965112,-0.534397127373815,-0.450841452818194,0.231514670312619,-0.636277133505698,0.500818974421573,-0.671514614470883,1.23671954852247
1.64372163053715,0.0373867955808782,1.50048145303763,-0.649351623750047,1.36671101262711,-0.888967813865139,0.443670586938176,0.385661058675041,0.264407361559098,2.0478342249139
1.13393218888884,1.28467552549067,1.84254165457703,0.234847578814107,-0.657045005320105,-0.230000579147208,2.17044669371426,0.330819082417626,-0.118040185254891,-0.23154311727035
1.19562903282471,0.389423359987358,-0.0405159450222401,0.0826979678224495,0.0891021436705451,-0.932006298714217,0.932258220270044,-1.10390235588572,0.0699772638080705,0.641622839288336
-0.578796260175577,-0.609340925560063,-0.696893507067595,-0.125450357579045,-0.189882947403631,-0.453544817895043,-0.172469497746267,-0.943371740257738,0.112753055206951,-0.780652854327394
-0.667939061845598,0.990412396899392,-0.192882811670818,-0.651213747617705,0.621021108736567,0.179103400334965,-0.260326118118848,-1.12079159978349,-0.52873142214981,-0.541047769993713
0.656789794678518,-0.514083246080621,0.292382834736568,-0.992238954060532,0.487282095348461,-1.43752432118261,-0.347482868013109,0.462519261076234,0.0187862520302124,-0.656697670483474
0.545716130675388,-0.953137399021606,1.35071901789567,-1.86146052716428,-1.81722323454191,1.97891853545134,0.258725280479407,-0.291885185921368,0.1357600090814,0.645068424461906
1.53868846072179,-1.03684472575552,0.87523576095561,-1.33368749975597,-0.632361358982194,-0.59223811031183,0.176141241908178,0.379669582195478,0.222788087306321,0.25674166412355
0.672419595006121,-0.428758975281466,2.91264518930884,0.0929711724207473,0.401809248414543,-0.961564418900527,3.51647933221704,-1.06661533530511,-0.479509858421289,0.126555121597232
-0.667363699287717,1.09805156762239,-0.13261945122948,-0.722846624171583,-0.861210195010604,0.575464199183314,1.90345961113316,-1.55298495508208,-0.26963115609384,-1.00225429694273
-0.382194636868142,-1.93014508993413,-0.361724363557671,-0.0419159717234454,-0.316987373224469,-1.25481302037096,-2.45360922237798,-0.498883218557048,-0.867023678914342,0.164250885012789
-2.05289323649543,-0.240282999771939,-0.684149958903428,0.839521186922081,2.22520054827226,0.183529348503186,-0.378576074344292,0.197001168302212,-0.339962883167216,-0.598573830333626
-2.09217925925073,0.851708286391452,-3.0247448101288,-0.433654268918948,-0.84867631171486,1.94464853592986,-4.53145919112644,0.6582737388717,-0.0597437391944392,-1.56376248113075
1.47646595683571,-1.14703781594229,2.66280417692165,0.266113811547673,-1.12847079668539,-0.197330895488322,1.68107139107907,0.337461721532225,2.55548777073883,0.214722250646921
-2.39477705194924,-1.20853927063319,-2.23816310400593,-0.265606805036981,0.0830026524207821,0.373145416716225,-1.87896162589455,-0.0569556447998291,0.180561452068343,-1.33809143516395
-0.252550258998228,-1.24172660218485,-1.93866569666395,1.0933286344234,-0.881200704956768,0.819983286471418,-2.6509763401684,-0.9338451772789,0.61611288976985,0.0209387282675107
0.90107637900233,0.238403726767034,1.0252993093206,1.30147653355168,-1.4034733927637,1.25438845718729,1.97903430496219,0.948229684397041,-0.213291241124176,0.388231863724663
-0.731434259401547,-0.891292740976849,-1.7906091300989,1.56375708993776,0.535784060183023,-0.844478874594911,-3.07445027031715,-1.49906220210797,-0.38886885518116,-0.702787950598412
2.16755390149395,1.38847534286247,1.84925827610824,-0.269618554545251,0.0746933835611345,0.422218296248457,3.12179544863292,-0.479227243305127,-0.392385183238885,0.261222870299095
-0.347364550925254,0.43892762897879,-1.19822217007702,0.548443928769904,-0.213276604686294,-1.35414121534753,1.33772135439509,-0.369901488620705,0.226154554315717,-0.117174118395788
0.216308037403752,-1.00682079225088,-1.14572263765382,0.106115130562175,-0.573687453296888,0.112246800472931,-2.11199618444119,0.360397554092164,0.0938211187195625,0.194934866945742
-1.03432008620811,-0.204965171504025,-0.870330538307275,-1.40493250357098,-0.26010382191282,0.146198737467936,-0.261285501155672,-1.10693048707016,-1.17189787232182,-0.287907626032579
-1.12770753998058,0.426973276903053,-0.575227400158814,1.21799339718091,2.72917804098565,1.77367042327723,0.439480043255891,0.668293631696981,-0.0455634675393492,0.0442844004376318
-0.322974248325351,-0.217874238471668,-0.688832734297262,1.1692317565437,-0.90209052463759,-1.56857271497902,1.34430845701915,1.05464129153255,0.753783780805421,-0.416001911894214
0.702125525584908,-0.109366575536728,0.226775019979289,0.408490487235142,0.130660251544266,-3.30875067571545,1.69706912549929,-0.918779888118683,-0.871097749669373,0.648956511358689
-2.45628942557153,-1.15005224484991,-4.51641782348816,-0.28022078601723,2.7521289202211,0.894045809177698,-5.49086503244961,0.0884313508652827,0.24443261520596,-1.62269047719281
-2.75256611828544,0.559204896777861,-2.45226573021321,0.574110796189859,1.29919088122953,0.548017799426543,-2.00425819626628,0.883771032609079,0.0527623553859693,-0.751516772845729
1.57911749393223,-1.03655263768559,2.77074196453706,1.62990945037497,-2.08905329541884,-0.352541106857951,1.24282830125953,-0.42595543120741,0.859514669602972,0.919738424476126
-0.515805233391705,1.52063156382469,-1.0542362385823,-1.67280716364898,-0.0832203929270538,0.0964803088978115,0.492547870847071,0.328251991300827,-0.0521599326587584,0.629759757604409
-0.213024008880178,-0.906675329844959,-0.429236031909001,0.676086599946982,-2.8963992403794,-0.401455867702114,-1.5204702120937,1.16745212695491,-1.39806043265155,0.0239299802620639
-0.744202360293809,1.42442974569004,0.471046514705899,0.841265996086094,0.835560573220291,-2.11635702625884,1.47879955948103,1.58775384095995,0.934436393117087,-0.88043587048657
-0.927251290133617,-0.0381903204337895,-1.46103470642765,-0.162016464928697,0.842765408667609,1.80107436113345,-1.3970298172604,-0.207422035664114,-0.173472670387116,-2.10444835256151
1.34761470174896,0.0539480543884843,0.709883109994231,0.111226478576698,0.856110414757536,1.07430368010847,0.729959687156286,0.269690299982617,0.411107876231326,0.765493856537557
-1.68135614526405,0.569331517835577,-0.895240203307195,-0.148458336131428,2.80206403171342,-0.252779658058279,-0.990255383673892,-0.421024343878367,-1.6843338251349,-0.490633081476502
-1.06492447702859,0.110493823848833,-1.28750217453845,-0.497055131527169,1.40015595693892,0.821990619778127,-1.90364833403323,-0.0133555686813546,1.31261508539908,-1.0408544482455
0.533778090955518,1.12680888801819,0.865063343700411,2.00728984190814,-0.132719762244071,-0.223031354589234,2.56098768441163,0.262181281877725,-1.0663566264071,-0.368446466618101
1.09306715507197,0.800822218963367,-0.00383821683949859,0.330174783829144,2.08987904119801,-0.213536167624098,0.498835235377467,-1.12162045681072,0.187945485193945,0.989166635314184
2.33075666578735,1.74718161396279,0.100016698475238,0.716437033466191,0.403140441292249,2.18521747611545,1.7937838560238,0.551721281151772,-0.543939259980273,0.805339476857857
-0.331213956793688,-1.29188840789319,-0.0538816899788941,0.542702160975578,-0.190238719844884,0.770204393458036,-2.18643003702565,-0.443617124996077,-0.306845552590569,-1.02002014004534
-0.531471573670142,-0.252350364616997,-1.33115120782521,-0.997333319471119,-1.46887871310471,0.711676516777738,0.110804457148759,-0.512226447742432,-2.18308508386275,-0.0137716535415745
3.37318962828684,-1.36663107011787,4.02692414704185,1.34752904198135,1.46905547873326,-1.01676426544748,3.34381045804003,1.00694710431367,1.03053492321644,1.19744037267034
1.36159538696842,1.81658229198212,1.59255586018068,0.927846242157632,0.723322176461881,-1.75823968973293,3.48453749616033,-0.205920687531626,0.634905180429616,0.617960131210147
-1.02319376002814,-0.834041317218118,-0.950644594004678,-0.140511205295365,-0.00868554090623415,-0.160094012347692,-1.10762220058624,-1.33419868556504,1.91079091182699,-1.21265480042368
-3.05619634567975,-0.360096261362474,-1.80901389811535,-1.97860112455702,1.56246143133513,-0.0973157527052109,-3.85063947737076,-1.10882186523527,1.03500214109738,-1.39168264233976
2.35803755804154,0.343884334780694,1.85236978552771,0.145664031073251,0.0703148563584831,-0.00949757482232343,4.22545988965591,-1.00713858140226,-0.833923965309228,2.56605159644876
0.986162401827717,2.310475167116,-0.385348926400721,-1.26002371260717,-2.07739095147482,-1.38000230055148,2.27862418245027,0.813061802714314,0.148006467318452,-0.753575259730591
2.70710992225697,-0.667660099689531,1.78408128781624,-0.7469499772412,-1.07738184225401,1.44997122334835,-1.26154500344931,0.410400264309356,0.892943830473122,1.89857362909094
-0.125159042783073,0.886940214612302,0.59425431880751,-0.233519594763007,0.0863051203457949,0.776558991512693,4.1445793736448,0.730198408933277,0.762895040392215,0.0935105984206443
-2.26708582383927,-0.826988632002564,-1.9464231826025,1.86400040570785,-0.906203597320716,0.801169643271557,-1.03498974668805,-0.936708916509435,-0.870838371432429,-0.185802826552558
0.47934190692932,1.4055171282252,-0.240803604333154,1.25751390752133,-1.26747084806131,0.641313452513098,1.21847381091151,-0.560248744233391,-0.471938662373743,-0.572561399140272
-2.34819582440471,0.0944555924412401,-2.65666073998021,-1.38743298308121,0.803253819634012,-0.0458159962056222,-2.58578514774063,-0.352104138979335,-0.903257801118716,-1.20850484971906
-0.0298056402908695,-0.452101221790062,-0.11621683647588,-0.719669855151508,0.629492215347053,0.524840956930369,0.162156869700686,0.113410223696494,1.18688207550138,-0.312650309370559
0.437494717250418,-0.0633247587048585,-0.730774774347856,1.03320717852328,1.47421988660261,0.318025834978855,0.425841082452316,1.44746518221127,0.230921460643877,-0.574989552031381
-2.37102912816906,0.0531872685224508,-2.7510951531085,-1.11935024792919,-0.766796435446864,0.395614308362728,-1.52303158896607,1.85071890297928,-1.12447055178541,-0.561307905226501
-0.209660786057221,0.437932237133425,-1.16778199645819,0.247749952517346,-0.828529755820949,-1.54416576684493,-0.555797041008924,-0.316220506711194,-0.128258310190193,-0.414800693521634
-1.4539803480868,0.915165406079933,-1.56463341148262,-0.428833195600944,-0.00643646367861601,-1.07073849862661,-1.43558371992101,0.331894948237329,1.8836563618321,-1.78261495179699
1.11416785469393,-0.602785266433731,2.2705686918581,1.27543672051327,1.39664762273606,0.360408783668527,2.41856008540049,1.27630617386431,0.246952314272822,1.97180328627961
0.129510245507524,-0.890633250014666,-0.56563414073428,-1.46014296675207,0.0592486969483218,0.139969624263479,-0.740450497288803,-0.242741018477896,0.0422221701967737,0.462990480429775
-0.42995923142721,-1.48512929594544,0.745760924694154,0.272697428284111,-0.94707451969103,-0.27876444827188,-0.473933069893598,-0.501128690846729,0.868608487589786,-0.302070155979818
0.551973576105381,0.212120450195598,1.61153155043067,-0.167919695278472,0.706469715643551,-0.5246838039282,0.176212123417934,-0.581878517669805,0.378479111090339,-0.309993432183353
1.8175374905682,-1.56823850680201,2.97625728350309,-0.40240808765063,0.111428990018188,-0.976078923531817,1.46264897232387,1.46650949076748,0.0182042363333244,1.68199268995914
0.514115839740453,1.61429436292615,1.61500974627844,-0.780053234942061,-0.125271699936733,1.19663776787028,2.95082234548273,-0.0651464097469432,1.46534559885769,1.56227681018748
-0.817118208742642,0.704113596816719,0.296773099305405,-2.09820966024965,1.01322160398394,-2.34607921394138,1.28629508138168,1.71440748632455,1.49532997916761,-1.07830564997242
0.316681506396309,-0.740889516755414,0.91417291609888,0.566595493881712,-1.21567900935003,1.13312573388659,0.527656723942923,0.120316823554762,0.128867857743624,-0.0786403992705541
-0.992641149681861,-1.94619378917858,-2.47540515137565,0.429595248873975,0.891780747600911,-0.454082860197883,-3.55962278787794,1.29835724402528,0.0967707151575585,-1.86212537371901
-0.499059157624436,0.234549090435396,0.640091112710849,-0.263605063153306,0.585425421235029,0.295764014695485,0.578561830659626,0.597353308618341,-1.29070697280947,-0.599428138320555
-0.360701603602153,1.47623559167,-1.55786917422191,-0.706034492616278,-1.55882339558358,-0.718604968965295,0.372876340345352,-0.648278509827974,-0.11718057772661,-0.658363468270037
0.621355788312195,0.266861919211362,0.22258020381694,-0.693745183661872,-0.94638488292926,1.47348364718562,-1.43168898233594,-0.449960782682587,0.644130286128819,1.12323962551822
2.18946283698114,0.641026355254468,1.56509692183209,-0.171328788041191,0.876780087188433,-0.150683415446393,2.63763218742411,1.02118286096136,0.298513929721806,0.500284360907826
0.197626026754563,1.06341879240776,0.547425618452665,-0.639596548984365,0.590236116411901,-1.04610416714785,1.52631459113949,0.487641584227123,1.63582741353136,-1.25218185194123
-1.97805367925545,-0.0238622879018001,-2.54905600418493,-0.229051738282824,0.669998004106459,-0.384502303219359,-3.07508339687339,-0.746094022331275,0.591675588382966,-0.655617540143658
-0.393954157790177,-0.225139209256481,0.139671767037288,0.639170734876546,0.167308781947531,0.101756736770728,-0.75052254233467,0.690555872840511,0.597948017573901,-0.559280777153043
-1.39645851456508,0.812336111459692,-1.00032490189096,-0.247166785791679,1.11778376378655,-1.90975549149378,-1.35118795878355,0.389703343090576,0.577900402786761,-1.21797824684167
0.367263434426467,0.202884270975866,-0.422196865804499,-0.134002302137933,-0.250617005624383,-0.846143415388651,-3.46650915548125,0.181729934363194,1.75173244948282,1.15732713123048
-0.81265820998487,1.66056774603505,0.619603569275935,0.616324300658526,-0.774997434805674,0.556321585709173,1.73299975875492,1.56863040167541,1.42293801112438,-0.324811077182908
0.341479823104371,1.40924094423237,-1.73374554567336,0.278858533370284,0.354038390858432,0.495896203251417,-1.12840856951066,-0.234741189921511,-0.45408004864175,0.411726043371439
0.0527892511905569,1.11865333162152,-0.784632115843353,0.415590261367083,0.597968395569378,-0.174778337074256,-0.063479086634638,-1.60674973623937,0.215624328106121,-0.693029152430143
-0.354111608179355,0.914367587706331,-0.661980799736237,0.357214226450445,0.0207655121148752,1.42811529760367,0.0132295065597922,1.46961651649174,1.73129449308056,0.441776013917576
-0.798075728561561,0.580460468598607,-2.28056725903653,-1.19059715734016,0.964902945559841,-1.70702888306484,-1.499127459672,-1.25998701189535,1.30274455763863,0.315563081356155
0.823183716781825,-1.45867492196765,1.61826244087794,-0.345501420196064,2.19231620498647,-1.22790373416796,-0.465683752988852,0.967189549560882,-1.87025646727558,0.733188340516041
-0.0246063060169099,1.02074797012619,0.221043107887142,0.438507126078305,0.00262415466572052,-0.201992753664637,2.16437658082646,-0.44477529484364,0.593208698641536,0.96552483134737
2.11955533188354,-0.229171665632028,0.0825112903448948,-0.251916666583338,1.0071685003836,0.534419160496314,0.134619340737862,-1.65544409228588,0.44752801143046,1.45701894109639
-0.986169807367868,-2.8172035373481,-2.66831716977685,-0.854059864047319,0.733265473754048,0.289048423559552,-4.44393887959778,0.499170551235969,1.64067188909096,-0.273498931160979
-0.773728451258912,0.282168257004708,-1.06020825990267,0.628898882335643,-2.07745847937754,-0.901207498017084,-0.273373312212591,-0.890118500543052,-0.447939698047459,0.620049359188871
1.7488405535482,1.37149410499513,1.42746672150623,1.05494874178,-0.169244546932701,-1.31960045677448,2.83042395104757,-0.510114533114768,1.68867077874387,1.85702949233867
1.48156010120718,0.663529225623315,-0.332522430859488,-1.58376851857417,-0.153800873944379,0.36640833401866,-0.98804970689091,0.0462299700371543,2.36826919460282,1.17194351020944
1.22303626728945,-0.264371574629248,0.138417033631005,-1.25026315907857,1.3418209685021,0.0159649264466461,-0.86260885437885,0.123727983702752,0.264904121207558,1.50817108009751
1.02211963046045,-0.804981772622649,1.93801808827242,0.218875133320137,-0.337488791257576,1.1170038661534,1.34082771667585,1.94568755572472,0.0534233715515528,-0.415220301786358
0.764426697333916,-0.401374680855625,0.314850526430588,-0.215239937690227,-0.187157766737553,0.439275263522845,0.00957405719476268,0.19886402477049,-1.48624202655937,1.08139318798381
-0.321824108403861,0.468874335741348,0.754171355135105,1.06499627538087,-0.40494836618102,0.0206184284251921,1.40560215892859,1.63852431816076,-0.292647071300926,0.289090766942948
0.514093170794821,0.858047212546104,1.9020723699272,-0.826154835037186,-0.926614574082106,-0.430928766693955,2.00437855437289,0.0198724023986962,0.380465383207605,-0.501986154509664
0.388240616246402,0.155399674550985,0.341521925445595,-0.0867948410282115,0.963658483412732,-1.36494198549005,0.46143377173606,1.47983768375104,0.672813505161845,0.6723280347636
0.723490920384125,-0.528162786013699,0.342935476869472,-1.19048823591955,-0.516830009297061,1.22916424725799,-1.16204641483777,-1.93392640028726,0.99553954022466,0.384451333912635
2.80386767713868,0.0440112973155749,4.56552241867166,0.194870047979695,0.305808952698095,0.405343052778224,5.43160188647554,-0.75967741753417,-1.10545039266687,-0.18640610587418
0.0829941735770291,-1.57423545340269,1.3553403271577,0.360565501952193,-0.4700985694088,0.371356926912051,-0.711415821999583,-0.83414988108829,0.286531949884603,-0.367162328637982
-0.125070013582758,-0.538129167638318,-1.3011156151005,1.42277447953538,0.197075029437182,0.397622309692796,-0.0225120292192148,-1.12873070731659,-0.311734326797645,0.572927229781287
-1.02386844301056,-0.124829860817385,-1.67980301210555,-0.160686295875368,1.0428347009627,1.37629455758271,-3.50124393539134,0.377169137628761,0.797183403031474,-0.936728816281008
-3.6200642541701,0.305572015808435,-3.7206585097617,-1.47172982493406,0.441155070917949,0.95506655884075,-4.41905103820641,1.02747924460827,-1.02427753842962,-2.5812568770731
0.136662670082983,0.0609054151484331,0.307608778051827,0.843349594648602,2.241372390894,-1.03703250675415,0.926815611261384,-0.657021863527078,0.940568556385502,-0.662976254146265
-0.0295865894648007,-1.50054763946647,0.137199295779527,1.27608695446849,-0.381357145968904,0.175237059696433,-0.270228224080312,-0.380021475623265,0.387015391676611,0.363021023961995
2.45516185550921,0.614554330391043,2.30895461335586,0.18617075924188,-0.0602183449762554,0.384144979007979,5.17096773858972,1.06244187233618,-0.826949338427849,0.911487151920764
-0.232244157674127,-0.110373427851685,-0.488755934072412,1.76319511135818,-1.01433056058286,-0.200676409621999,-1.27342648541985,0.455105666750852,-0.00931312198499071,-0.902032450270783
0.873825229296777,-1.73568075346348,-0.046339617706921,-0.521869829171958,0.36755695281777,-0.144671766058312,-0.0156553744388496,-0.387422897625444,-1.92264451788502,-0.693748975577863
2.64359340760291,-0.773034954121572,3.27373562669399,-0.133633272247622,-0.00166934445749736,-0.831335262450101,1.87166839179914,2.04340408691754,-1.09715188146563,1.29452801993985
-0.231750172772319,0.853419580955979,-1.36633303887943,-1.2421853671435,-0.199483131153851,-1.20259699517781,0.415630772492145,1.94401755605281,0.856520827692676,-0.62787453243824
-0.330546767099988,-0.0596081235207364,-1.57631164255244,0.832821268224263,-0.743125937480929,1.10408337644347,-1.05824224006991,-0.0126299531883088,0.0158943231096871,1.33356163490184
0.562486898262552,0.630072401443723,-0.584709890458692,1.29616357216694,-0.103672730986336,-0.235491542328297,0.683953365185124,-2.97960602605939,-0.616625339583796,-0.411954292481488
2.92480266091363,-0.0212436677927135,4.07860701354168,-0.1912255400264,0.743279680188658,-1.17404441553217,4.37013437504956,-1.17174861203712,1.2675469139004,0.779425159803868
-0.826830234941674,-0.986482468985863,-0.635947789051755,-0.0816533864120789,-1.26120068451244,-1.15718186907618,-1.60536589440733,-0.432981228643867,1.86894152210688,0.105406827536464
2.02302468184661,1.24896089125475,1.45041532519121,-1.35921829213688,0.41166366398553,-2.11615026613554,3.49418956263257,-1.53919737277802,1.26576286665778,1.26355493236975
1.192469019074,-0.496384376569863,0.494426611010437,-0.558429512953542,-1.60367682282318,-0.732000704172523,2.70336026754729,0.829592585222722,1.45115084637454,0.460588089621369
-1.3107779994231,0.396538170048826,-0.805490595726097,0.824083445021566,-0.977063783815522,-0.711786793478014,-0.586424042234958,-0.374424312772311,1.34414695408816,-1.12096229886411
-0.346019000562018,0.324949931138827,-1.26562185546256,-0.430192994720186,-0.826864604794469,-0.637451499630026,-1.50742736845545,0.609066002878803,0.587435861030329,0.836465291092695
-0.522113542825024,0.146042356330491,-2.19003223081955,1.28545992637857,-0.371991314428408,1.18652406238078,-3.23371120179377,0.268466241246347,-0.710648153698241,0.230829946053156
-1.13824002080996,0.250133413076019,0.622002151263574,-0.0458235757614337,1.41484468670594,0.285583058997707,-0.665427334161591,0.483046212500557,0.43504824020982,-0.0985623080405972
1.1295785865135,-0.0365399770502902,0.515428241879979,-0.879453540023672,0.320683762540327,-0.0932129136016215,0.358752454798652,-0.52482645613739,1.71743361221296,-0.893707634002781
-0.868069469708202,-1.75803935297933,-0.376055800538011,-1.42808734099336,0.313442041126784,1.42818311457983,-2.40178118346009,-1.26224678201158,-0.48538399580512,-0.893805271332491
2.47995835583871,0.625952366608039,3.39322699228471,-0.926458703208646,-1.34718556999501,-0.695911776340851,4.22189358006187,1.3722409425921,0.0151633870996832,0.925721421163184
-0.785605064975467,-2.09404095487027,-1.64599946869887,-1.05215433895796,0.631315973771747,-0.155249459305678,-4.50243092448192,-2.17697330333123,2.47639752168709,-1.68636907957491
-0.554124907284422,0.282652915695552,-0.209607412523748,-0.492210858816743,2.01959073709169,0.818172309954356,0.84392189824269,-0.0183856531433126,-0.391130198768259,0.165226669993749
0.76790481091801,-1.03800622863021,1.26919740617586,0.674705349234593,-0.966753807297935,-0.0748190011201218,2.64024224235523,2.17465289026332,-0.863483618459093,0.417677643259498
1.45067235017524,0.0589798664576087,1.58500164828286,-0.629196383019557,-0.61544728579812,0.267047254041356,1.6478834326982,0.340802147322693,-0.974041415863532,1.26427759964708
0.379248281487028,-0.369405011800479,-0.314060501094937,-0.274290029694652,0.378489698528118,-2.2490065539891,-2.08963042082872,0.0867081010058515,1.77559083390905,-0.507359155132657
0.616567998305157,0.941542620463762,0.440340674870548,0.393889983032723,-0.227889085940843,-0.249992643104956,-0.452068386360952,-0.726976020477609,-0.333266412480965,1.91408655577525
-0.448165251235042,0.933243112213302,-0.987966405086849,0.628960499456822,-1.50785916973658,0.494510724630898,-1.37189785436759,-2.54055083636743,1.36827332201782,-0.332047349219364
-0.145756532866812,-0.921705320979821,0.260961811998426,0.496488941647747,-0.359554932665864,-0.159461607025743,-1.30279207524209,0.0776110018295937,-0.334669070365186,-0.590556645459033
1.76662654184752,1.62072849446719,2.7238021387304,0.857399009226852,2.71607762338633,0.546583310934939,4.81359467290584,0.405970127605471,0.778950279583836,1.067645037674
-0.248907338855022,0.439827718335972,-1.4564660891768,0.434261348395228,0.395644641677466,0.343061090585,-2.21790701252717,-1.61716876454156,-0.430053061798349,-0.649076305987631
2.09837931831285,0.993636216177275,1.18605428951613,-0.292437594537351,1.00172734837996,1.17451557326497,2.27450866507922,1.9900558181041,-1.66434885900959,1.58334560377718
0.811013739997227,-0.032545593969894,0.645532280041254,1.02506480237266,0.491454317245054,-0.0320707968876703,0.139196528690672,-0.528895081060429,1.10898800278441,0.862832580943621
-0.898148637810156,-0.638416675314831,-1.31289017265922,0.120483263659892,-0.228661096946369,1.12973537521042,-2.03619349319622,-1.49400031515096,-1.86558661818856,-0.37460039319026
0.814477892538405,-1.60508974201325,1.43535612493827,-1.01727287967027,-0.0822397072341759,0.791593246772627,0.85929895281407,0.947867622821237,0.414475222745014,0.181461605013185
-0.85468056659821,0.895454948196555,-0.34217829627624,-0.655594874114791,0.587561092026548,-0.0601170592897204,1.79422616706042,1.58361208498786,-1.16275801091752,-0.11332157268468
-0.575118427072073,0.779878959018311,0.470899338985942,0.368243481012503,0.0449420112021232,1.35882885168613,1.13042937083857,1.01070665424632,0.941486413333102,-0.815326570374175
0.510777073716589,0.822159115839911,0.727452011322702,0.0905766348298811,0.938090070502401,0.777245299411356,2.24535266458098,0.955113491403386,1.36572914781921,0.242909419856471
0.447300828246166,-0.380595462922493,-0.725610867291034,-1.48432416063911,0.529461929289825,-1.53646710903762,-1.93695291479936,-1.75593350289127,-0.728900847824192,-0.279656070538696
-0.712427156205348,0.476225970663567,-1.45987067310349,-0.460065520243879,2.25975610840567,1.44671216397979,0.447301625832184,0.466100471580744,2.62749942615488,0.0634115594069351
0.966730506438624,1.33095762947675,0.410729082992001,-0.349106736577444,0.704572858565449,0.433638960094894,1.82191156276989,-1.02470111930561,-0.399012485121189,0.285938812843167
-1.78374640970784,0.368288251354749,-2.32106148744165,0.516647062086147,1.33550633773351,-0.508155500675308,-2.60808394312452,-2.256254030722,0.145950383047409,-1.28042402558794
1.41386246892214,-0.325306654971022,1.89455000853038,-1.28582431923746,-0.2455852533351,-1.2833128040902,1.18240278963089,-0.990902898500636,-1.42022929070795,1.40310704491825
0.325863899331909,-1.08803599532959,-0.14783793504903,-1.11792959179319,-1.00004167634308,0.449495570552247,-1.39000230823435,1.44718485620406,0.391920123196088,0.268412471074583
0.366084884113445,-1.0644876913282,-1.05171118062691,0.77400238945795,-1.1306480806803,-0.450663625378799,-1.96940393592306,0.840209547548632,0.340991254796996,0.822536655658076
0.0363038352877597,1.87014434735511,-0.32679062991987,-1.99388686836086,-0.395730877099511,0.624680655538112,1.40280256500352,-1.39047421612291,-0.649804487694615,0.791338557187667
-0.0842812566135145,-0.0645281637549174,1.08002674864065,-0.896218693114247,0.798050163662256,0.315658975504145,0.53250591241496,1.90438866260374,-0.0153142176571943,-0.327101728700724
1.26186628487925,0.894636896389127,0.897325220004957,-0.474338642120585,-0.23767090153962,-0.147360393441105,2.37082648572526,-0.600143248903243,-2.53538078024365,0.610068814897644
1.10026116560824,0.195385698900198,2.49312842671807,0.209457331873121,0.622114195411083,-1.84388714226816,1.87700704657673,1.02405864491357,1.01096384617935,-0.846220426073057
-1.43461694650988,-0.766810048737526,-1.29319476935121,-0.207231196662206,0.886410385060066,-2.04828101934074,-1.27567051112084,0.412574709551045,0.727229317122897,-1.04927728398361
1.59462680463207,-0.0477729157528917,0.562845387035375,-1.47626942506813,-1.96629654609732,0.325117131794555,0.548728226004066,-0.151599236349057,0.0211954043045058,0.790885834743993
1.49690265458498,-1.26278925327787,0.862051728775141,0.0157891240613815,0.818620456915359,0.75079160868882,0.736497636188687,0.942735920110722,-0.644291496535296,-0.162397128376678
-1.02179584888403,0.283830102598382,1.49153623109818,0.175516280912383,0.302006186799946,-0.637630773435251,0.20342408425335,-0.913062663155526,0.321497147695668,-0.858178053182363
-0.175455784915517,1.68983061130652,1.02255922168297,0.657163827477857,-0.545805440575143,-0.713478773615539,3.12388281204512,-0.897680569938152,-0.595987953739725,-0.0202329383281847
-1.60733397628161,0.609509417823084,-1.65895801319814,0.244061071454784,0.611338676132834,-1.50041643669387,-0.757388793315998,0.612410312571512,-1.13563101043005,-0.616824004191392
0.476118825925708,-0.271851115557483,0.68505459173548,-0.778102220260836,0.00575193754689793,-2.08274161337438,-1.57802196677711,-1.47272460036613,-1.62735416175787,0.37893154305016
2.65054934876487,-0.228635115366922,3.71486777636356,-0.0180685653138879,0.957230517897702,-1.43762136424975,2.44671062112698,1.00733214868524,-0.696252982397217,0.633879963945003
-1.13565714333792,-0.660472141869828,-0.053049120454816,-0.595752795634023,-0.298397188375584,-0.321545521688998,0.288055682526826,0.797725642331623,0.0753879694203396,-0.357550866083491
-0.480979560230725,0.190652815040508,0.438139174897378,-1.41865173374731,0.597037990112487,-0.68886526729461,0.967411795289591,-1.06277880180288,-0.0500339985086474,-1.55352683454401
-1.26095829233427,-1.2954580230712,-2.03132879829672,0.0381593739320895,-1.24500965313657,0.0954703266337684,-1.21100776385152,-0.389731943803782,-1.70580669925842,-0.884412622151764
1.58085009186904,-0.297228976212696,1.47483940904499,-0.507596807717652,1.45308189714353,0.921845578919392,0.321975960045629,-0.474085213125455,-1.03865366058496,1.73121492916837
-0.888164207933336,0.570600213186589,-0.668143455931908,0.474411941370988,2.79465001210959,-0.326094185462981,-0.466412307790745,-1.04538385892933,-0.713275154420787,-1.83125949582218
1.44962166152902,1.22918597594815,2.91657631498456,-1.41802718964422,-0.356935950510222,0.296371084027647,3.8613594546551,-0.0103949895131154,-1.69702126869086,0.636030243164972
-0.674098442749872,1.16081268719369,0.104511231599321,-0.517681775119855,2.14867275357874,0.457250944503632,0.169901685892944,-0.37334287187294,1.25590474708842,-1.58956520548966
3.43180147700189,-0.0687046550227411,2.91354630512141,-0.603757760602279,0.967228090573787,-1.39486641253669,2.11445701657313,-0.414004783524092,-0.182463457042005,1.16818513086081
0.467085776688465,-0.542898563298164,1.71642023864197,-0.122574602531121,-0.345665227889206,0.998903939034805,-0.12933271368016,0.23845783558616,0.283128789855367,0.0174489926809006
0.395925188652172,-0.202570191289856,1.0838336271991,-2.13661684961618,0.0395379798401284,1.04009916098713,0.336938820736138,-1.6209200922373,-0.0482720489954224,-0.282398336259747
-1.02130434922465,-0.603326588745269,-0.738372642767209,0.192353088868217,0.167377841625205,-0.251228412642794,-1.93477554612116,0.47608563080011,0.344983700901923,0.235511052042062
2.14410471352994,0.643928888374113,2.83505818271279,-1.54029542260845,1.08167308024209,-1.35022271750572,3.01496582784756,1.20646480598276,-0.788486871612411,0.42347733859071
3.06901642306857,-0.320888135467356,2.64144111953304,-0.241351015336786,0.556279226271967,0.0983956468818241,1.69219942513583,0.829654183529611,0.639434690134138,2.605591457504
-1.54029134130133,0.299517876230301,-1.30602809603407,1.42565452798062,-0.97704633308564,0.14416927023535,-0.863735319390861,-1.04553785695083,0.255113837169849,0.415702972596175
-1.08658086836473,0.406902677920792,-2.41411037554682,1.12947546639775,-0.635837905788129,-0.0725211120670088,-1.98593174112494,0.00402033453258032,0.436471176537652,-0.611622640161541
-1.616266028997,0.797643977637189,-1.53540177860217,-1.44290394377154,-1.21984767155202,-0.660905275085553,-0.13592939874481,0.593960992953583,0.590109096965811,0.211195344733652
-2.07448787223641,-0.518935306934904,-2.5884763129249,0.481268355447034,0.918206302777536,0.668862940846421,-1.97669544771324,0.99084137088267,-0.585587123045492,-1.80515046038767
1.4873957958306,0.0238251746315918,0.50618257258234,-1.58209878338112,-0.10982752842576,0.120228789792088,-0.0952257415393334,-1.64660366208633,0.195585732847892,1.06830608084284
-0.408454632992433,-1.04593235738563,1.56937381588867,-0.895755085117877,-0.110964480794195,-1.58597599099807,0.39075696499321,-0.701164236251445,-0.317789388291559,0.75446038974376
3.13803563755134,0.0738001833223737,2.55539670299772,1.52336303415254,0.770052350440981,-1.56980878940365,1.86982335141531,-0.877419590130908,-1.39830056941629,0.799867259590442
3.1231469947137,-0.130648000680416,3.19129051305909,-1.07808269651103,1.28996516129906,0.462371176029069,2.12054466445505,1.74004013938703,1.18958171561552,0.44623796563939
-0.688512011988085,0.478919328192548,-0.0759903585432853,-1.16255701133483,-0.599388853694767,1.26986368472324,-1.51674627441581,0.825028549272252,-1.23048740765814,-0.203730476043633
1.2162708304548,0.513408715039419,1.90576552161021,1.53485765914646,-0.910270142775403,-0.644395222713138,2.11304919286134,-1.17340734815837,-1.27807700088748,-0.262643548271545
-2.51322688295949,0.585119268174663,-3.06314134615842,0.196097689187346,-1.43089762172362,-1.30449621181833,-3.66350131951636,-1.59956682047056,0.688538634365247,-2.44195924675613
-0.488913069685882,-1.21576494884857,-1.41140425990538,-0.536274959644372,0.222886668362544,-0.953493051263287,-3.00173602140075,-1.86015327422736,0.0814611288131629,-0.303240310076343
-1.42853188684662,1.32901230893122,-2.50418842355082,-0.0396736252715308,0.72220497356121,2.67058335509614,-0.98113060635448,0.305028130934892,-1.27490336711869,-0.963263977043712
-0.317881210968763,-0.96501999402199,0.467552742280616,-0.40527097677085,-0.919099478220344,0.683968242174541,-0.264716822050109,-0.360482035305258,1.3600115349049,-0.481350205083761
1.94328503251922,1.81678115816053,4.38012417614548,0.33483656571674,2.28211255446516,0.233615293099386,2.33447530906923,1.63377073806759,-1.22791627627923,1.26542305915663
1.90491172510881,-0.523728617759572,1.22899909180301,0.0731987650984415,0.093898917205373,0.21319068857456,-0.350080124136138,-0.951845170944532,0.450677588320169,1.29407543490403
0.141048565204947,-0.820195282267877,0.953241055326856,1.47502208451767,-0.138309448296481,0.144424477351345,1.35901772202925,-0.112059726949137,-0.442742153629776,-0.337758350248148
-2.30404528847768,-0.4829975701738,-2.64577674463548,0.140616708191565,0.542212899939338,1.96359755247054,-3.48280414206335,-0.697475560367071,-0.106787615670578,-0.474927945013647
-1.00531662073526,-0.130719604019115,-1.75691279418309,0.598255790332351,-0.187623005257585,-0.850067949919974,-1.89137101378693,0.949339302218146,1.63818839946207,-1.87319166359267
-1.2029623592685,0.390553459729423,2.75212310750699,1.11692388950351,0.465013808411731,-0.630917919720295,3.57898160180773,-0.311839383165254,-0.320717777188664,-1.52862253099732
-1.29458092208996,-1.77900352292331,-1.943644638545,-1.23292792829765,0.652708570308395,-1.81536473824685,-3.35874935427559,-0.46321152946921,-0.305877543745532,0.161934398255029
0.579048584919575,-0.411349611439262,-0.154998744895345,1.11699677804375,-0.0445930503958313,1.1758789309966,-1.54247534522039,-0.364243803391296,-0.0931780003534668,-0.130246814087841
-2.5076168559921,-0.681179129155767,-3.00387925171537,-1.81046305074794,1.31092390885136,-1.10808209032547,-3.38590372869329,-0.121932542267041,1.11319758854218,-1.07543829846909
1.68919665454688,0.859481355360044,2.20692468391112,-1.4576470681776,-1.19550880770103,0.703810390217895,2.47138273738211,0.0479828811417019,-1.12041057421903,0.98498697941874
-2.14171504758278,-3.70031658886074,-2.42018671728648,0.558395588276553,-0.249212826004307,0.481783912513282,-8.08952457017354,1.2499711204871,0.588799843500763,-1.27144728991255
0.659061478586006,0.271898809514141,1.9272577268483,-0.19051324463913,1.847843501607,-3.45743600033671,2.64546468805228,0.174185309497379,-0.148470560422273,0.744964902922788
-2.42930825838739,-0.657919885387621,-1.84631264223878,0.121840070487503,-0.94481085338966,-0.417334847131411,-2.62416144617499,-0.341599584347426,0.959668870216655,-0.383293895674583
-0.105190174082986,1.28407127064132,-1.2493386701196,-0.170127973847966,-0.377853938282876,0.703716323003539,0.982646839268689,0.851207387312254,1.09219163213801,-0.121826944557563
0.000683321074601617,1.95837523999753,0.365147679084244,0.0789457582688374,1.45726596532943,-0.0774323737621559,1.44885334654724,-1.13128767767925,0.049693153032432,0.27934760275193
-0.249547481928473,-0.942783964688873,-1.02752330136125,0.394359756676729,1.73495795802842,-0.104240560763132,-3.62030864090792,-0.117640521361283,-1.43469123853556,-1.01858473367898
2.58934043333527,0.680710418423835,3.38866791900643,-0.692697340767893,0.205408981994289,0.657431055393981,5.68877143093274,0.114667087981198,-0.0269441140502574,0.937763751729817
-0.429126870637529,-0.315208163670791,1.60307194750041,1.31052508639723,0.0925914429820149,0.406529553627349,-0.270210269896426,-0.803868419941002,0.891363023403227,-0.405715785608594
1.97082706983854,-1.95143921964449,2.49860683820589,0.404383847707561,0.20054971252657,1.27909658267529,1.14664866930809,-0.247975131653902,-0.487849977488597,0.247058794997866
1.18759328127404,-1.28734322067413,1.26782793370335,-0.774871328152164,0.424594633901497,0.797631279635056,0.15431048327498,0.538842635030853,-0.15490011052302,0.708002422665735
1.70487252364212,0.212731096073605,2.52002317872892,0.0859096572266071,-0.471489549430031,-1.16252654761628,2.28565110163861,-0.388588705696899,2.34290650994495,1.33465460650013
-1.07603133764884,-0.116412502371738,-1.54995865736395,-0.56540653238117,1.13080455749994,0.836069312417334,-1.25514182760656,-0.420882386174953,0.0743765753666224,-0.993612147376686
-1.59641729972445,0.235551816031547,-2.64603302479988,-0.0154031267526644,-0.258857865525647,0.244902562226615,-2.19992631729074,0.224745034244783,-0.315039404151006,-0.884136190413669
-1.14633335756065,0.701942947129636,-2.68177783748092,0.74626309313683,0.325269063688024,0.85464238952114,-1.51414507236934,0.818571378475587,0.188054071133985,0.0855680047885219
-0.263148850936814,0.0186954412448681,-0.568189797533525,-1.30833525080976,2.04141908561667,0.937549937767381,-0.770898510832039,0.0273783168358854,-1.05483113091438,0.614428569826303
-0.319607085721977,2.05212043506904,0.19061641777644,0.231830892039842,-0.900133304591271,0.419576403525725,3.22846831929392,0.363114104327486,0.307576647191262,-1.08185348874967
2.50589039240793,1.46077606618405,2.37164900218605,0.607240526969474,1.77919132865108,-2.51913669531577,3.37010683960549,0.494868886907723,-1.36491099461422,1.48849900116435
-0.381605036951122,-1.18985933566735,-0.363666254688654,-1.56711900372711,1.07333007800759,2.4957670502016,-3.17134712369993,-0.765188269604252,0.660072014674791,0.183671659796422
-0.447961259782671,1.53429998721368,-1.87901661663825,0.733590128444682,0.66512371699574,0.930560293545869,0.875271192212909,0.401733448487602,1.34675980103133,0.673380480489116
0.608901437647463,-0.391235548281083,0.650254004996228,-1.00393852975777,-1.6983701175406,1.9013519271091,0.746058443537976,0.585338793071043,-0.483725074057795,1.22763812665463
1.60982292577092,-0.583445490430403,1.8329205615718,-0.384393464586541,-1.0402462021214,-1.49871871147154,1.81567224127898,0.972749343836098,-1.03154229690528,1.71166710180582
2.59876150231465,-0.878534396917919,2.53140281492691,0.106611910150396,-1.25951291326763,-0.408851924597013,2.9956325593615,1.24674096130482,-1.22197288144825,1.57604284245226
0.502387086108556,-0.602633295613726,0.923647030088127,-1.43514881071742,-0.379437683722046,-0.811535402075243,2.54316306743545,-1.57722003513938,-1.3415042021603,1.34696828059229
-3.55693597634917,1.11101456781823,-3.51426165277195,-0.841575290322669,1.20353643403437,-0.708736212394721,-1.4881614333412,0.81220050217785,-0.0938943395535196,-2.23986740440064
-0.803420741972225,1.00602996374787,-0.00136221856287544,2.50588164856106,-0.014817840332087,-0.0440018149242295,2.9457767271754,-0.613343991615693,-0.339962054837011,-1.21626763851188
-0.659172227080621,-0.706867849283994,0.598984805079406,0.349236881108216,0.392177721613312,2.2215414787283,-1.44280906128241,-0.311564829619046,0.266881178889982,0.341581116387789
-0.539757736657082,1.63278491854247,-1.26298187327324,1.7356841509839,-0.573013471037588,-0.325106608265571,0.447439399436592,0.451356502996598,-0.817210715144749,-1.13418383763094
-0.718900908813693,-0.34671576836002,-0.74639578059619,-0.299253008601622,-0.185358593121409,-1.46839078204182,-1.40208996540784,-1.36074897279486,1.676352584055,-0.887012610481501
-2.26699684318731,1.31980364997241,-5.10942135763965,0.198715518635811,-0.33350754030886,0.966246346641174,-4.16559065038467,-1.03358119690865,-0.102793969674671,0.117245968110315
-0.00479897083979219,-0.810442254698575,-1.00357301148258,-1.06938285005189,-1.45212540554198,0.408204327369302,-1.37136066169894,0.98546271636012,0.505566716726451,1.29814058650133
0.34205987734984,0.73572020545659,1.44357429775789,-0.796620345595921,-2.01783649228302,0.218863799624212,4.25867767436312,-0.638901588021495,1.0696195648148,1.63236217284644
0.683553590650473,-0.620304121087183,0.452934619764222,-0.647863159288645,-0.726558178878959,2.80768868666684,-0.0335716590152016,0.865890082608279,-0.140026912040997,0.870550414519395
-2.34508281415971,0.548633270031162,-3.04088954928369,-0.132952158160507,0.0969662027732072,0.77603993747195,-0.597909070467193,-0.702738782762396,-1.07143494585715,-2.11398697795755
1.32730656817154,-0.275910920962696,1.47899341928012,-0.868169172493805,1.07140914881628,1.45280514658037,1.44310837282712,0.525675214661613,-0.434715937822174,1.78686662442763
1.00474919644072,0.112674095335284,1.50294671567283,-1.47844044393574,-0.0439632077789639,-1.4313113845285,2.11897354693905,0.0281144870758115,1.16353315296276,0.398794212690756
0.203226514628982,1.2726624300415,-0.0471603433004627,0.0347489937330024,-0.236522786871002,1.87836627255532,1.60666648349516,-0.822212366647653,-1.98712195466099,-0.0444450463427103
-0.808937761054965,-1.88048253956031,-0.85605229383883,-0.0961077502547832,-0.15828019229928,0.131508444570375,-4.33484834492567,-0.493255031292246,-0.548823241113726,-1.27760583507846
-0.935690489465967,1.52985028958809,-0.357842174538708,0.0541290374210063,-0.694890964780305,-0.532881807209778,1.51453516074692,1.0827227886867,-0.448800496444489,0.43711500495169
0.206450993124127,0.162428818877112,0.399266877430191,-0.183557315733678,-1.07566402793206,-0.611304367128023,2.57899786212658,-0.714629347758634,-0.1888069515229,-0.221534224687246
-0.59889900658627,-1.51935321966393,0.316074100116483,0.795747640299047,-0.370402420419299,-0.809011779247711,-1.7340763274866,0.752027459087045,-1.18987095590934,1.16693386028185
3.31658994001949,0.499381956131953,2.35618625106619,0.178537364304377,-0.862140920453427,-1.29212265139374,2.40796362948127,0.298161672081499,-0.927497443154807,1.47161162790756
0.959904649319585,0.921123940285822,1.05207047039073,-0.28744499034954,-1.51684105556499,-1.1644432419846,1.62499348713463,-1.38429249578394,0.0237723353425362,0.632892851943794
-0.120339401221277,-0.842089073656583,0.786050793625471,0.499955614000371,-0.512856332184338,0.125273892517885,0.665928384252171,0.515419705119778,-0.461041025921443,-0.600136960062392
0.348613565727587,0.719675214778456,-0.771558093437545,1.82420553786266,0.847927645533305,-2.29460587858114,-1.25711661248242,-1.43026470599142,-1.79740814578101,1.19269550446914
-1.89833076332273,0.731113104448685,-1.70343758718944,1.8026221632956,-1.23941390349415,0.216189577668234,0.153567814281458,0.816218167208985,0.51559887755583,0.562560750247719
-1.21435442168589,1.99289651154948,-2.27535542867215,2.8301104485935,0.422464336998989,-1.46578051073598,-1.52526311101207,0.524446059107466,0.11599384865132,-0.219137602460317
-0.905463876383465,0.446214393969689,-2.97211114989224,-0.841120526137167,0.327159431605413,0.395299259211701,-2.82971458091286,-0.922534463671439,1.26175654208281,0.193531049324801
-0.192316499418397,0.193664728298937,1.16815989427261,0.139340376466016,1.05115015123621,1.39235936488767,2.92936669538084,1.49906290867777,0.708007283893429,-0.750427823442776
1.41998338485747,-0.0585220775971575,1.03396103986016,1.29993185498457,0.217893866948446,0.765606913243476,2.28808559707106,-1.11443342723628,0.418863558723959,0.704072755807674
-2.30344096999923,-0.610404524669765,-0.400737626031516,-0.674014691319374,1.51875725734353,0.00910303105534081,-1.44313365958777,1.26633368413418,-1.07906930886166,0.458069129320354
-1.68249002595198,0.959407787745323,-3.06445632638355,-0.566630798521044,1.33378762748279,1.05107397268386,-2.39224311703633,2.02950074875644,0.699105211338298,-0.259075827783056
-0.664089735469804,1.35350577489054,1.62884606441873,1.10319005680237,0.13462227044885,0.876912420572492,2.20284614264787,-1.25661504986837,-0.146901919095945,-1.43303554341654
-0.351760813976968,0.0325337927159966,-0.0973617121007427,-0.786654475864693,0.826980169534072,-0.463308842809012,1.51868906350925,0.816635132100652,1.31591718139632,0.712962436835755
1.01199917402597,-0.0739383130290707,3.86675473207285,0.355248212306533,0.209303911805851,-1.60875471149005,3.79350201676113,0.700055151066859,-0.874300073693472,0.796974441307059
-0.856593274583349,0.999157934249331,-2.14423739820115,-0.568786955567005,-1.95136693662626,1.13875429368332,0.073006201272827,0.141768484587198,-0.153864517007909,-1.471864641879
-0.952993144082233,-0.998956911777984,-0.818480649851033,-2.20531137725191,0.512719021669465,-1.23264385850587,-1.68174505750425,1.62518486776043,-0.885813541095149,-0.697869313032232
-1.23724698213261,0.4492513748522,-1.71323555407691,-1.44140870513697,0.303610800915468,-0.351144394139151,-0.904356500730509,-1.07457018715586,-0.693553223861151,-0.738493502066346
-0.87019137584949,0.788094673199147,-0.377281535251422,0.696204231131694,0.49437481760081,-0.249051027856579,0.145084247471775,2.05658224227247,-0.670273740405528,-0.138828562766846
1.23921076487015,-0.943226454971664,2.34179851040596,1.44083663712363,-1.93310647484943,-0.339257475413498,0.0189945759899841,0.654914572322488,-0.626131742303718,0.425651313388031
1.9809197186425,-1.55207416330573,0.411953517600674,-0.759418112848302,-0.544610299827546,-1.4083578832364,-1.1880506537448,1.44187128614724,0.774925457540985,0.0824677363454899
0.687307768836064,0.302882401840382,1.8214200254157,-0.479302850166781,0.648467103110718,-0.366274663608558,0.428867662286235,-1.02777665399224,1.00429324429236,-0.113222153617139
0.849872118441672,-0.971104290705462,0.23409554910636,-0.627805732584675,1.14541718282027,-0.509844797389812,-1.81656499390223,-0.476472477885149,0.329241474290316,0.0168517133372099
-0.956980894631348,-0.597444962985719,-1.31212420357866,1.77066084898255,-0.437734471047221,0.168012868296034,0.194353456538962,-1.52183137787877,-1.15544917653815,-1.57052618392631
-0.573328413081563,-0.730330039801356,-0.161199257026707,1.16444292710739,-0.68081996038577,1.63693410108643,0.456781057044246,-1.96724368957779,0.785649908685449,0.0601568048186118
1.29426116098664,-1.13420334881606,1.15742516090758,-0.969605783659562,-0.479871060347232,-0.207979353421513,-1.88591835491653,0.0228501639729797,-1.25491156394879,0.0733737653848108
-0.783162801600247,-0.575604465137549,-1.0154014342583,-0.506056910438118,0.39461027421317,-0.791056023232816,-2.39369853919033,-1.18347852996274,-0.431744357117894,-0.366119715920633
0.178912660607282,-0.0842303820912306,-0.378664155696251,-0.908704166331901,-0.0286783249814876,-0.434010634811497,-1.27611250654994,-0.288441259372024,-0.280852054761697,0.865060780794043
-0.418863992272988,-0.549591599821938,0.292063712987796,0.834066850013539,0.151377563650339,-0.947053671728073,-0.572909992170725,0.790277354965983,1.17728124139691,-0.601070097301897
-2.4889576569302,-1.4288570471834,-2.61077983386401,3.01842371414417,-1.33818918337752,2.30226188454695,-3.84704355376309,1.67566469559044,-0.989170554209761,-0.0885509051948294
-2.24623751480584,1.56724435882016,-1.78728952639693,0.268374246189811,1.27322614380133,-0.255443415109546,0.721947384243798,-0.59372310872739,1.91963575135013,-1.55537561881244
0.620899898513967,0.205820052633221,0.786598190810503,-0.394230025008613,-0.949945443162262,-0.520756819765506,1.48538372671286,-1.19338715351092,0.826806275014074,0.567851479721726
-1.85214050673629,1.3037050793288,-0.294480908834279,0.321391465120272,0.280352150656379,-0.108750097485457,1.26107225524777,-0.532414034917211,1.9088421432823,-1.2053024995461
-0.245993445764243,-0.17882925165612,-0.759655174670322,-0.499163772234894,1.53897370571337,0.282910034283342,-1.27445182957791,-1.16173607031337,-0.12733717532229,-0.291151852834478
-1.12538522358505,1.03646076100721,-0.204012561786593,-2.6697930587282,0.58338385913592,-0.638902771551507,1.14762947636271,0.405523550835377,0.976849041731945,-0.807862815915771
-2.8226112128899,-0.0914744997489443,-2.68122536369141,-0.047156399537249,0.0564985809726807,0.517183368991945,-1.8783692957168,0.95794530068218,-1.43739442713607,-1.40993871768628
0.979079983100209,-0.92568783888368,0.505162347464866,1.72377954851766,0.0513956348319188,0.844485126431371,0.149808110855984,0.756399421731595,0.880838951220829,-0.579141976492742
0.177091639217474,0.448986320511308,1.11768492280795,-0.608038033423374,1.32678492607126,1.23056502175484,1.59132067985029,-0.386712543375302,2.03033085080266,-0.642114070090602
1.10017071504994,0.397714798704984,-0.742852732376255,0.421042971278314,-1.35854376591697,-0.906817999979988,-0.119410159686014,1.1982852963569,-1.71758624580604,0.588872626716169
0.686368545768769,-1.63094687394713,1.44892023608064,-0.425244573717553,-0.12059339204334,0.511002728258502,-2.54460490894534,0.695929985715212,0.184194270905466,-0.384262266243272
2.29423227213773,0.367490275401892,2.32986979368902,0.973742786212008,-0.871255832113484,-1.32172195043075,1.5425673246773,0.135522652496237,1.27328944167362,0.445484270698572
-2.97637790488058,0.535124856262298,-4.72101160398148,0.18245149002199,-0.330279801933702,0.191963521156849,-4.60920739060348,-0.735325365429105,-1.64331844382336,-0.632591044302548
-1.37898983983888,-0.418756223716868,-1.68449875130068,-2.23775515886271,-0.11214912446196,-0.776469529769827,-1.76146834840113,-2.03283773441019,0.245426475820135,-1.80097445609573
1.18891336449813,-0.39499779784898,-0.310662045296362,1.07945174143471,0.46853581829169,-1.8345556187945,0.414073773964384,-0.318324865868727,-0.989090023521016,0.268686927998637
1.41171949372343,0.169237251092441,3.24115842560094,-0.0339604520121587,0.647765551549991,1.58945596113328,3.00250098187066,0.0463326476191745,-1.35302107712203,1.49760121286178
-2.30762718567437,-0.580144110518095,-2.85419531920987,-0.92331977590537,-0.0783989233874886,0.274901193693468,-3.12689335290425,-1.01081355625107,-0.922714660965042,-0.851545549725643
1.62051843298995,-0.518090642742391,2.20426582088202,0.178415342552086,1.20062879452423,0.650593574407543,3.01906544795244,0.0602380024988365,0.166416977592593,1.0565636965269
0.858986921959096,0.811128766326334,1.27591587687261,-2.2202963891641,-1.56610302786529,-0.0510860225567962,1.19793468920365,0.859359956926544,0.668623086832298,-0.0460854412634498
-1.44630819438654,1.37000789883821,-1.72873553879892,-0.788320857402088,0.586996628184597,1.19931871268482,-1.55829596445002,0.475008039570349,-0.669971909697119,-2.46424681776242
-1.08689272465857,-1.12521368782107,-0.71330871411833,0.065277089084797,2.07406231407402,0.302863505482739,-2.51248614649316,1.77092624271921,-1.11087782230026,-0.737481600798798
0.00769376238719033,1.10736523284717,-0.417862743311974,-1.26057428611766,0.0903296581330745,0.0806201193191861,1.06567754925067,-0.0450278591727596,0.357884473404731,-0.42483519229209
-1.8030599119587,0.0575680638662819,-0.600140943532003,0.834748163160064,0.686603718145377,0.944905587620096,0.0521165864864918,0.955700504495586,-1.91410953957835,-0.542192855827532
0.608177855644047,-0.826578349249913,0.301415894313107,-2.14333367780409,1.55146208229295,-0.717334354434119,-1.55290420265175,1.7954661340556,-0.0547601321066739,0.784963694973097
2.23905622478883,0.36876755048344,3.25278394044597,0.171745676313297,0.271258108528494,0.375667118093546,3.94111998362827,1.34006301173797,0.448848745820914,1.08760196291837
0.528219419666728,0.218403100823682,1.16692925970649,1.11418118566104,0.53925712016914,1.18291390056164,1.5511146034038,1.63269857501904,0.308156642855747,0.404486693267251
-1.47963710634798,1.68178058211042,-1.54808120177385,-1.90491522005628,0.070938328606916,0.0434000321077102,-0.192504259943065,-1.08631259290315,-0.603638998197063,0.40411935708716
2.37632537276176,-0.150711444540898,1.61822782430784,-2.7838855811864,-0.349533356132065,0.600166761208475,1.8773163220459,-1.05942468624764,0.111500447867261,0.417884231922482
0.110555117349368,-0.417746193933036,-1.92425659042181,-0.501027900343963,-1.18433582671572,0.423076463922488,-1.69100905098881,-1.31494188518679,-1.28406860896413,1.85988902549403
-0.0462964509704046,-0.95701034013224,-0.413833129399691,-0.450700379173588,0.0501997735746493,-1.93980333212353,-1.84146704896198,-0.758970821380954,-0.294585027228639,-0.597878296689859
0.354903529881335,-0.578983495750489,-0.0151630301262663,-0.175776123239567,0.263896462450065,1.24207452580236,-0.545268478248228,1.43763646284461,-0.311945890881991,-0.425913626425284
0.52843245376993,0.283735444066609,-0.188637069138374,-0.487012909581724,-0.115945399510983,-0.754478236000575,-0.227215211594672,0.324615530462191,-1.07785802727972,-0.266325776103084
0.348966537673737,-0.0388746478839001,-0.783071968076511,-0.698754753195384,1.07423119514305,0.0988035709665486,-1.58678125215203,0.883273700307545,0.565253168093341,0.890988208514639
-0.450377749021752,-0.554511101688526,0.00179098977959757,-0.598021013463925,0.134294395333238,-0.690984833772179,-1.19429738067458,0.402259744699954,-1.0272959002864,-0.864538394930437
-0.0919963805629751,-0.842952762241959,0.107628999685507,-0.976480935850352,0.923302894339837,-1.39327048128163,-1.0034369971164,-1.18189427213611,-1.18544804974092,-1.06689597933094
1.04872206664527,-0.366671847560274,0.818653728447267,-2.10009033474134,0.969778012550161,-0.259795994411382,1.58515393128251,-0.555143554916304,1.65451559492215,1.84809300428934
0.862168092164436,0.273816204032042,1.36466782998474,1.23771823839595,0.4516151526818,2.4463896752408,0.51499227640416,-0.498903410591261,0.799188748644942,0.552809055048153
0.60789878107375,-0.498191133701302,0.73544756307879,-1.06495569795747,-0.0621492497114059,-0.310054419307737,0.415734573938832,-1.78672863546563,1.44349549279225,0.00772594135313461
0.71314693998044,-0.390319870805682,1.43420626431059,1.252920819618,0.504373699090609,-0.517096048705725,1.24974170879425,-0.467377551605891,-0.230878973294785,-0.379569435675752
1.04036737474006,0.949336367585843,1.72954394013503,-1.24722990644574,0.0977218942644407,0.164769145653413,2.57528822722815,-0.437728156718888,-0.156831509993267,1.06127809100596
1.97821138602427,-0.0776205340372872,1.13676648442444,0.213888468105234,1.66655679074485,0.960984742143791,1.35083829473962,-1.07458480711586,-0.225084771847498,2.061231990972
1.32685958181001,0.529250460207841,0.987692036510921,-1.34499896157464,0.504274240890074,0.872094414307591,-0.00421369191042742,-0.885870570752631,0.845915003204821,0.904963585094665
-1.10632430773266,0.654149302185782,-1.70775528279547,-0.972453077737577,-0.900634032714116,-0.619642234593419,-1.60723226873594,-0.964979001809126,-0.375135127942702,-0.164157339671696
-2.66288415989617,-0.627808114173893,-3.67880285497478,0.711577548528983,0.170435884468882,0.980123821753529,-3.14805761491638,-0.44994817091541,-1.08976636477449,-1.40532321138469
-0.214855807445533,1.06498607657114,-0.536911211835214,-0.0851051302282566,-0.182696332069159,-1.01411750974012,2.77319967152609,-1.43432470104031,2.8897172790519,-0.0431438758473511
-1.10372875709042,-1.31820375962496,-1.51053509913838,0.920958761503315,-0.643841243538716,-0.540859283669728,-3.00011551560408,0.25833381001581,1.06401337027634,-0.501584327099056
2.05692455372618,-1.57739192815258,0.79600814822519,1.53492747539177,-0.601904563066879,0.372482097211715,-0.734769562087014,1.43612990286796,0.0738629454145014,-0.0718223677631783
-0.226392343009285,-0.752926566177796,-1.97355479577727,1.98868239792286,0.122806976502435,2.20685385160407,-2.91804877882163,0.868455294137258,-0.782608651660111,0.0379555809139468
1.05916155152846,0.511849919496312,1.33246236529696,-0.931117991246408,-1.30076032120407,-0.309573636608498,0.783658316029134,2.36920435881351,1.14875145632138,-0.0372510479282092
2.85085465860125,-0.985201663032988,3.00391110872607,-0.52722479941655,0.171392479512716,1.94450325892047,2.29421790157056,0.894552448883405,-1.45787066291169,3.8748280624976
2.69344826492504,1.57293058522349,1.80762034258746,0.539408596728937,-0.458555235385823,0.485263438550094,5.24147357688488,0.733196497082723,-0.934164505767724,0.804809595761878
-0.0797317633366908,1.87671044360459,-0.243639902608135,-0.900124326831108,-0.733842951425364,-2.3654479131013,2.39372584476193,1.17265586750053,-0.525681823658242,0.453816390130702
-1.96321198785328,-1.05534047687832,-2.99745141075606,-0.245124112470947,0.331439082183452,0.376881020892929,-6.46745160531125,-0.997148941645895,0.082376760872894,-1.06943779994528
2.34187617143552,-1.61506513931538,1.99681062778833,0.0014191909502385,0.169107047266215,-1.23811401956679,2.99560301883343,-3.00289383150153,0.203198349154022,0.192002490154525
0.307152888607309,0.361727547076786,1.30665785120138,-0.167627183746781,-1.31717294513274,0.789649008298447,0.766820741700106,1.00084037120022,-0.325722732642026,-0.964219516756625
0.411077571107333,1.83148017610861,-1.07519359124202,-0.825468989277885,2.16066784800508,-0.610259442546387,0.109547787269019,-0.825657665625484,2.20351536483393,-0.0924332219170762
0.852945925479004,-1.31111696207226,2.23571302742617,-0.674936445254824,3.02928328826071,-0.0328288605520669,0.137399915075217,-0.555456192431178,-0.393896498521527,0.0673492616320996
0.934722837383521,-0.928519457660776,0.979705280650586,-1.9264833655469,0.330236144593741,-0.780782250010043,1.24114921604085,-1.09972763377705,-0.0429024867823017,0.970881911648123
-0.787664782939047,0.306697495249619,0.0226184033192394,0.241967465176773,-1.36626703796691,0.441233882814616,0.758043087849676,-0.373875978217325,-1.54998029391513,-0.579151152818075
0.00797991227021488,-0.40149452730872,1.46806266931918,-0.283248351707093,-0.551307928019042,-1.06092200014112,2.68218777688956,0.397918657163299,1.36072296537991,0.712003876040182
2.36564476390387,0.645476778758261,0.835538649442501,-0.636307646551538,0.867700764872401,-1.0812829440855,-0.0338400035313178,-0.823166729572633,0.0639333084676168,1.29644422636026
0.609960864793353,-1.08343614142696,-0.433882970942509,1.18014352356029,-0.169806576849153,0.839286954823819,-0.397892759241032,-0.749269821463284,-0.240823970856169,0.65774026851759
1.59488141170566,0.974479292710607,1.27788578725497,0.0189780269579354,1.69685653859467,0.700253522131908,2.34397439963571,-1.19074534839088,0.561529184275545,1.53469080430991
1.59052257493578,0.224419924836826,1.65171979802309,0.263096816557133,0.734280127113392,1.2319015866484,1.99533817741171,1.56073044528911,-0.828906737899551,1.90932015322211
1.1484695872417,-0.68523357947565,1.99458640250508,-0.51504014419346,0.689477435826113,2.60399563119025,1.49542990005002,-0.399776359877829,1.11016537593822,-0.050579166710273
-1.36488190686047,-1.88417251220563,-2.97296215771272,0.00133911337376947,1.3034590120651,0.3643863684652,-5.58180988162955,-1.07468766463962,0.166085469100869,-1.62709905328916
1.06953531315946,-0.566751123141578,2.53856829199801,1.21158922410843,0.11837980373632,-1.13011491046913,0.846544084948577,0.476962515888228,-0.486186739777017,2.00889186558538
0.234640779189655,-0.807725878854,0.286767314821586,0.218294745792849,-1.26647028289291,0.0923496568770389,-1.5166013113329,0.672743665212652,0.409819000709734,0.0846555101720975
-0.516364660836945,0.207798708505728,2.6612157268923,-0.353788106989205,-2.17859549822301,0.897797210344314,2.1629953811362,-0.00664303509665015,0.517133214709494,-1.11216708159836
1.46654111251603,-0.551644248170058,2.40558228039452,-1.45355355195581,1.11552511608666,-0.74125005647995,2.36948382752854,1.73022059718047,0.00730855320424306,0.636985348298785
3.22223828851158,0.106287980394252,3.13923253495224,-0.680914282276848,-1.13234965918048,0.813553954551475,4.92774520882804,0.196579779997687,0.539764700962577,1.83687735206237
-0.345329231399189,0.60019547166329,0.672922609985612,-1.47381724444228,1.29120176343472,-1.7877426344766,1.79709281492303,-0.629471098116218,-0.605665289121014,0.580869307461497
-0.0123116214511716,-1.38865033429411,-1.11659950396193,-1.37087131790162,-1.97887119829933,-1.66684367251292,-3.12133380263992,2.31672898013926,0.224058812284332,0.383985472667033
-1.38566151238297,-0.165152917363505,-1.40759167920102,-0.803671412668062,1.70081252267331,0.335158612300209,-0.658671058349424,-1.31841938015237,-0.228935897590993,-0.397497456738451
-0.600193014181712,1.4906613668454,-2.09537625157806,0.391959672213656,0.510460690413523,1.13935202458409,-0.859316437591285,0.396183525021975,-0.342866168984883,-0.489803074652715
-1.11765660531026,-1.31141748985435,-1.1995700941202,1.1608994185912,0.871431989981743,-1.25727685143772,-2.48792909678174,0.608220283860129,-1.31593776119538,-0.235592518590982
-0.179279737292207,1.56870060108964,-0.174900711434864,-0.480643339271006,-0.0484054335724679,-1.30882917213735,0.890277195156193,-1.09189820225842,0.476493832273599,-0.430232272198873
0.214574427277488,0.123953968943164,0.157739165361224,1.20826318089985,-2.02823292364614,0.117644329810426,-0.824468914749373,-1.53752529742046,-1.07509459097422,-0.229558851719273
1.04363331030503,-0.214327094135771,1.59865707288837,1.25358954595213,0.06767623349413,0.451832181825442,-1.49630990031119,-0.00975574161523179,-0.845556661810375,-0.153070017365946
-0.976197966249357,2.10278752017413,-0.40770037103228,2.15896914221967,-1.3711606115027,-0.0602130025480555,1.87810334908454,-0.381177907247064,1.13811966265695,-0.508120267409255
1.09723123750649,0.223652099830184,1.42390917385927,1.51634090043469,-0.194288788345807,-0.442497977272137,1.60127243951003,-1.32123780940051,-2.19353449827879,0.731970804229868
0.138558469338657,0.557370739615294,-0.720563305301678,-1.05275233872744,0.414479700015201,0.50611614475216,-0.724286637500597,-1.82384574694864,0.206526686454131,-0.212703870013275
-0.45319874001356,-0.57263487815701,0.672539971678818,1.62706041208419,0.702729297063049,1.18423410998719,0.888785415303325,0.0609136121941883,0.405615843276961,-0.990463544460982
-0.97186039820017,-0.0834421233018828,-0.792581703145072,0.242206400454935,-0.364726286260705,-0.448089038280071,-1.14455095218445,-0.286879346005426,0.908444996790259,-1.11049424123102
1.13332307536412,1.09653328504536,0.90426018872337,-0.0554605170735733,0.0982484283760479,1.45241718055935,2.10702330494375,-0.176783552425789,-0.408779842611154,1.13070037581959
0.564232546621226,-0.214891398801506,0.0558491800551382,0.0831115654425356,0.469587900277452,-0.730396855492788,-1.01871929454521,0.0994233466894282,0.218821146039319,-0.722176485770733
-1.74237137109088,0.550136568876052,-1.59312395143341,-0.291604586354982,-0.989340787853709,2.35353309787048,-2.78070030425354,0.356469758823019,-0.196959182202129,-1.63538822798542
-0.744900987992833,-0.284249907840615,-1.87058442029857,0.110774893641723,1.68371325510707,0.702989312314083,-1.33426470032764,0.295968446922058,0.468003165682119,-0.326276216734367
-1.13673523261762,0.699416134988805,-0.801469891169193,-1.14767156637191,0.846549129447196,0.0187280605250094,0.365144961830808,1.44853474002225,-0.339179471672271,0.0150513565979737
-0.210139240731398,-0.466073671065704,0.755075908571076,1.47240446186261,1.63813937070906,-0.0181278414462588,-0.016743749729648,-1.42940940838928,0.587648198075877,-0.204999826642516
0.189288997421969,0.441851043317033,1.48629246018809,-0.754043913711095,-1.32345686221195,0.140548866705344,2.6438346804793,0.443901629631501,-0.227070014920914,-0.453980348464302
1.45290177848264,0.558348597140384,0.724681546012937,0.723092584610959,0.444909025717302,0.756825197295925,2.16735835963961,1.4288644223145,1.22516530507906,0.662980700256237
-0.0195544172176285,0.620861204450515,1.33628133266975,0.465769950228397,0.617265855424718,-0.631122453364997,1.2784873472816,-0.783812849235854,0.679516981188555,0.0358609823772156
2.62714757795277,-1.11961071697979,2.86037500339474,-1.67040602557168,2.27825708444395,0.19131513508414,2.73333445042957,1.0607186241716,0.479820206367189,1.68060217154432
1.8063141625651,0.259836937144825,1.43019105087679,0.317720251327753,-0.113453763712561,-0.243198949267776,1.75730019205858,-0.807453491398333,-0.744410291653656,0.209249373778353
0.109902203690288,0.677993243733831,-1.31829379858842,-0.264208183319245,-0.231423791740709,-0.00402056276227399,-1.02401979363253,1.58216530064169,-0.749307606577112,-0.352453200723053
1.36465563962639,-1.80609267866762,-0.239904610248911,0.315779226759812,-0.73910458659796,0.435522483716674,-0.245071235657106,-0.557518228161896,-1.92252590829927,1.01449980886876
-1.8314746586738,-0.732873082489782,-3.87343963863796,-0.0799755440930875,0.0481146930289281,-0.879335399112305,-2.84081456805764,1.08648033402343,0.872133458304256,-1.57425285534
-0.663208288408077,1.43353909286934,-1.08690021618747,0.390816787230679,0.415994800168533,0.272685854938452,-0.116515726565497,-2.57040728054746,1.56920590572349,-0.978804141729263
2.87335085610621,1.65607437962888,1.634230428578,-0.560907019991361,0.390376921400913,0.579568307780255,2.63950893345996,2.03500963184365,-1.42953636450326,1.18598783799358
1.30859025952294,-0.953371529074968,2.86153054410478,-1.1342762695604,-0.238593281248999,0.417282491081711,1.59599547360223,-0.0575375552269227,0.216811588636203,0.189071795806458
0.995798191338459,0.140876930370379,1.10239934188164,0.586191582986043,-2.07287836524318,-0.858559574515891,1.58288956615474,0.532459711724155,-1.4845051368231,-0.424858554697836
-0.902588763829565,0.00773044266920324,-0.896679223802355,1.5868077707741,-0.108980196883523,-1.28656263216491,-2.64152317810802,0.935281266950681,0.160531614393848,-0.168577859508891
0.69162129073837,-1.2040735900752,-0.202355547045997,1.72529626387988,0.610503684127901,-0.128955995998857,-1.41951608127617,1.33326750462124,0.386600073921489,-0.387390964500676
-0.583278397419555,-0.871863443377519,-1.51007123472034,-0.175274174522352,0.187661292159667,0.729592600818109,-2.58310452046153,1.00697458359492,-0.617957009659693,-1.39059003758749
-1.25844426935024,-0.0656550146107896,-2.58340337279417,-0.673296594333315,-0.894655467931364,0.906589899174069,-3.20043771397904,-0.373769703449522,-2.54873830649082,-0.575590579796722
0.313913750914874,-1.70147884603853,2.06416920991871,-0.399226313405607,2.65378230419546,-1.66907210935152,1.33584524959213,0.35904132924853,1.80644043712512,-0.397204768171531
2.92644785986691,-0.116589158934728,3.66798617882471,0.294573040112939,-0.878919782952143,1.52243948244052,4.33564815623769,2.20059913547967,0.854611912944182,0.336483192728554
-0.99655589317776,-0.514313033902992,-1.01863705345639,-0.629982795885414,-1.57454680087541,-2.26933070608768,0.189116679369371,-0.118540577911785,1.69699022454909,-1.31496261321345
-2.26676936822594,2.27898125506729,-2.52751030633334,-1.43240152519611,0.101588168351851,-0.999710098506936,-1.69584396642377,0.397926225293165,0.560512124858246,-2.36900156568755
-2.25081821064543,-0.783973943247109,-0.242833050574984,0.113923353525648,1.5327128546016,-0.583065892047763,-0.316747523580195,0.202145443577912,-0.659793226221928,-1.09164516389021
-0.862131409363707,0.479560150623176,-1.11301825828721,-0.0863216194154934,1.02218200308761,-0.911697661686905,-1.76445395425741,0.636575236969384,-0.657156256954473,-0.150562544124726
-0.823850118940226,0.702356690194506,-0.308523751076185,0.674417182812148,-1.11870238694118,2.20794271397693,-0.41591019538278,1.911732136119,0.591999596466977,-1.05006813919513
-0.758913878452099,-0.626711858483323,-1.22242492454126,0.185463079858916,0.649984721952488,-1.81247829284235,-1.58197383311635,-0.178758803642668,-2.30856539553251,-0.117936659971614
0.355086440802398,0.665726710843573,-1.34585227813191,-0.275960393317426,0.160518108961495,-2.83955408354557,-1.2411074023795,-1.21844572980906,1.81241814358556,1.29042259652864
0.425353294449097,0.150835978481285,0.374595165100753,-0.823570132969056,-0.99586695717492,1.10046234632415,-0.373048171380735,-1.08637654950923,0.680361367122388,-0.849542220788152
4.40286628576845,-1.74684081308142,4.14543824106644,1.06726665224306,2.41873165947261,0.714103673296111,3.36432637482706,1.08579065634229,-1.49670959147586,2.82353595616962
-0.329895203081815,-0.152910842364856,0.652043067694341,-1.10885154262346,0.856044693788825,0.1824565695263,0.248144386218526,0.639810222125519,0.242232645270948,-0.220022848277271
0.765136333878945,1.50007518782127,1.33753260790605,-0.225691093246236,-0.891424979626906,-0.537503879453117,3.6120386876179,-0.619774048696137,-1.32641704704764,0.221803119219336
-1.57905945215532,-2.07633178752957,-1.12834387762748,-0.142007488007219,-0.434151069241439,0.639735078483726,-4.7346493021674,1.45148679660297,-1.02149169181888,-1.10337227985342
-2.55659418398581,-0.724338605901585,-3.45684894623884,-0.158826562528183,0.680401046999964,-0.0155976720597659,-3.63051853640836,-0.18429334120315,1.22395554877944,-1.03589410636027
-1.48264670504054,-0.636696910777349,-1.30465012770045,-0.336681266274538,-0.895437937903829,1.99875157293936,-2.48683056123576,0.826308616544704,0.210553640971405,-0.443597740663958
2.21627874985595,-1.076942525977,1.67921739327333,-1.26992477748137,0.478176104486085,-0.178417585458521,-0.723393640732724,-0.756288251271043,-1.67407401210098,0.763045833255514
0.900527924216286,0.716354009859162,0.705471803270863,-0.100401458953478,1.3752941742914,0.936091491142706,0.975178508640968,0.0838775871744122,-1.85168562166889,1.14994823141052
0.396284790888652,0.652129897747105,1.15570408253794,-2.3033119622938,-0.735316907148864,-0.798509616085212,2.40297954901108,-1.19056830909396,-0.874902667888273,0.749384715646366
0.280897379281143,-1.26441441836391,1.38082423546718,-0.920051371470867,-0.257766763060044,-0.223955153717242,-0.245935824361105,-0.785667182066456,0.347243243259296,-0.389887041317135
3.08144432173505,0.175281593669399,3.1845162542125,0.240010639078315,-1.35398018824033,0.0428394069446349,2.86096460793207,-0.532726929644025,-0.1536512185912,1.31864596650929
0.189790166604632,-0.78012235059579,0.559236808322489,-2.33535300513165,0.788688263866122,0.499734919977458,1.0968205664146,-0.013626179975728,-0.305475980372586,1.20060289509066
-0.905448866971117,-0.363506999581404,1.10011086874147,-0.408047951884808,-1.81248098982953,1.27802043496598,0.675424654759564,1.475897065888,0.947045325196734,-0.406028572786844
0.419785932305797,-1.53482797236693,0.702800131003615,0.127389040763075,-0.0515275610136474,-0.321956358689081,0.500038557311454,1.58883883398676,0.94359387546034,0.380362441716588
0.160968139202331,-0.207542291107464,0.626770670673388,-1.03646350723593,1.56856337445718,-1.86196294288609,-1.69890231305629,0.0779043491144089,-0.464101339487512,-0.474535037382624
-1.41507985423653,0.497469505601544,-1.41890997920505,0.537981061913113,-1.14033827218899,1.22930693693825,-1.07729573706076,-0.65702883811693,-1.97447276140049,-2.82856697324116
-0.0953898092040958,0.192087511085073,-0.24118547393468,-0.285294993731265,1.04351149945257,0.614517794849884,0.0578686489381256,-0.419003581511575,-0.627921691412307,-0.064316539599036
-0.60647495980946,0.15779231652973,-0.134950440091964,-0.179183918724062,2.18713248788008,-1.96512415997993,1.60542949382276,-0.74000815225072,0.367322956138553,-0.0235293550683405
0.898765636943396,-0.782871481790023,0.80058610157454,-0.95935791152588,0.564979128734693,-0.386815944173856,0.384533449154821,-1.97819006806652,0.401439173878177,0.598569309581038
-0.949925799879202,-0.673412367177318,0.375803903736063,-0.802138711274348,-1.29672822253435,-0.299933735125333,-0.00398413747602872,0.589957416102326,-0.856253137249267,-0.404909893826835
-0.233619532762351,0.369080753989886,-0.0318056946872591,1.27030644271156,0.262094273340661,0.275675839791781,0.728791679572719,0.649339869514427,0.310428864610588,0.647654346238217
-1.95141988450427,0.956567842286679,-2.69407879653563,1.09406144908394,-0.352537474879936,1.55878040352056,-1.0935380087203,-0.742060769504006,-0.390150221068543,-0.946589099342882
-0.827959471952935,-0.373688251625943,0.0103869142772302,-0.786795827813878,0.211308682323948,2.4882306196164,-0.0534963008817749,0.785263663007152,0.176579183736049,0.00382115759199377
-0.820201032207989,-0.0675065496673701,-2.66069159518639,-0.505247148495673,-0.827241943093545,-0.834355945740339,-3.5102200649383,-1.39634600829906,1.07960177682007,-1.01487262163826
-0.116039337350661,1.33545825923873,-1.48087604820634,-0.344560719282637,0.616424278348847,-0.560735940754722,0.563563926565583,-1.87734889922492,-1.50363200660107,-0.961587305291046
-0.15031619990949,0.382818474183987,-1.19574257492631,-0.281286076371658,-2.15129243529814,0.32618639131533,-2.29352753834424,0.379675284610336,-1.68927697667039,0.562307466873889
-2.05934407776747,-0.291875118160898,-3.30328974971238,-0.0516381039627853,0.0265873285621804,-0.552746920888926,-4.25692833551352,-1.62860722307774,0.143932716085734,-0.628581848416577
1.10125436280411,-0.941172489511386,0.0379183368607737,0.496459586637255,0.602091841111971,-1.61141746665329,-0.837098431505218,1.94498299407707,0.599563301786019,0.934802634275334
-1.66126418463798,-1.76237913209053,-0.984007287012839,-1.51267675051011,-1.36316775401793,-1.11368797161159,-1.9646622276594,-0.674930832589398,-2.25845840438806,0.587398041347391
3.35285712963865,0.518926589975027,4.37143309767865,-1.30054519435912,1.7563091287919,-1.36807545471578,4.8747873151968,1.36918321501102,-0.978189530880161,0.746738069843907
-0.738278216402094,-0.950738625890833,0.173692421610388,0.0178160044534234,-0.349201835642274,0.895725754909044,-1.00637344477324,1.25442792453516,0.615553089879943,0.0322865222083758
-2.14572873830714,0.0999146653435401,-2.49288300872964,1.61161397597372,-0.913812033444634,0.977863921756723,-1.74154932369413,0.496164758524115,-2.02093771225551,-1.31268754549191
0.601090722503293,0.00142783174624013,1.1470095757214,0.737938608661065,0.326803232957551,1.99739847904471,0.348336353890758,0.816383910605188,0.775015701751453,-0.814281637691326
0.404341508698033,0.938068592968364,-0.303766383149468,-1.12617022061399,1.88225299551532,-0.422156982181939,0.722119214204856,-1.36256582056414,0.10102597350098,0.00917868551146062
-1.23758662356051,-0.175745813714486,-2.7323564399008,0.22894468905843,0.512989604939727,0.0435948826259107,-3.13754411081954,0.0323029099627166,0.75081796987166,-0.212803399673905
2.53847650783255,-1.56531512917652,1.8188467067401,0.72388449152757,0.291139087970155,0.812923910641981,2.83447923686472,0.0296658074084402,0.738108101117927,1.02115249765949
-1.99470715514229,-1.05444296985561,-2.95592807136995,1.81702088984009,0.24584478875316,0.873316047178582,-4.60955978733212,0.504727383027058,-0.0600806831921394,-1.95476690886142
-1.58397026973517,-0.677530867368451,-1.94928491298953,-1.06728593595476,-1.18126368806541,1.93888264492228,-1.80818732737068,-1.5522303879773,0.803949057951186,-1.21000915481665
-1.68695912170058,-1.51331113775324,-2.71740071259904,-0.494996629181883,-2.51859440800791,0.492211536366672,-4.93233903814267,-0.255663694213924,1.52566189507945,-0.294277022469748
1.19550749918931,-0.229528107254722,-0.0780543108599168,-0.38736365629319,0.42541492722521,-0.21784503227417,-1.87303390309552,0.766860990811474,1.09999052128067,0.501862326258946
1.05460782660112,1.70526473415486,0.771645354633139,1.24235559074708,-0.816387675329943,0.686759155561384,4.38370228270971,0.6421289713745,-1.15836668054396,0.0763138465379128
2.21686124131119,1.95791741707342,2.39232737854563,0.112248113495652,0.446026546016128,-0.216116757357399,5.12214816547075,-0.309427890248401,-0.229528964171919,1.27455583526673
1.56617312533084,-0.207047339943729,0.0614693901374274,-1.22598809031645,-0.751179586044916,-2.68171128098156,-0.104252915928356,-1.21958610579639,1.68436602586478,0.933772219296556
-4.49646868728868,-0.679767636420362,-4.08775457634938,0.110091959386693,-1.32533060651707,0.691437323358972,-3.29731518122138,-1.16739686376656,-0.589035987595898,-2.97729057347039
0.797588930366149,-0.411023548329099,-0.586704646062173,-0.247854893181747,-0.671004826336824,0.797361991746311,-1.72632637446149,-0.0349299221658646,-1.72802931515948,0.470900856231036
-0.0705753479211537,0.351665334604047,0.462959107967674,0.137810491094472,0.166457303417286,1.25169810920226,0.827080467379299,0.393675194170878,0.791577290523067,-0.0321723237638087
-0.784620717253745,-0.81224055634182,-0.0217033843883541,0.249641931821606,-0.203068541568371,-1.08925684641332,-2.032409495818,-1.62637588153123,-0.186287381497604,-0.836698151411629
-2.90269014385673,-0.934664380325741,-2.68093694900429,-0.325343779911341,0.971396888235236,0.220647625242876,-3.43470609890962,0.452983109855675,-1.05554582653323,-1.32655879924403
-0.602916508114447,1.46625128668869,-1.05259522160964,-1.2276027540967,-0.91327359769111,-0.356244846266083,0.489331653550312,1.13107085595065,0.23762515274373,1.02101196093094
3.36077972910846,-1.02114125707562,5.09392285937319,0.365300139876578,-1.49547205426404,-0.134206965603334,4.73172140315193,0.648706592395825,1.34621615766247,1.3714234807605
0.373711553557685,1.31715278239001,0.709606382693724,-1.2041429718783,0.785833961489688,2.13071674280299,1.23674151942668,-3.84190561030599,0.619574003883308,1.22981513421348
